id,crossing_id,reported_at,wait_minutes,reported_by,source,raw_text,quality_flag,camera_avg_min
8,2,2026-05-02 02:08:00+02,15,mpb_kosovo,borderalarm,by mpb_kosovo | 15 min | 02.05.2026 00:08 | by mpb_kosovo | Estimated waiting time by Google,ok,1.3
7,2,2026-05-02 02:38:00+02,15,mpb_kosovo,borderalarm,by mpb_kosovo | 15 min | 02.05.2026 00:38 | by mpb_kosovo | 15 min,ok,1.3
6,2,2026-05-02 03:28:00+02,15,mpb_kosovo,borderalarm,by mpb_kosovo | 15 min | 02.05.2026 01:28 | by mpb_kosovo | 15 min,ok,1.3
5,2,2026-05-02 03:49:00+02,15,mpb_kosovo,borderalarm,by mpb_kosovo | 15 min | 02.05.2026 01:49 | by mpb_kosovo | 15 min,ok,1.3
4,2,2026-05-02 04:08:00+02,15,mpb_kosovo,borderalarm,by mpb_kosovo | 15 min | 02.05.2026 02:08 | by mpb_kosovo | 15 min,ok,1.3
3,2,2026-05-02 04:28:00+02,15,mpb_kosovo,borderalarm,by mpb_kosovo | 15 min | 02.05.2026 02:28 | by mpb_kosovo | 15 min,ok,1.3
2,2,2026-05-02 04:38:00+02,15,mpb_kosovo,borderalarm,by mpb_kosovo | 15 min | 02.05.2026 02:38 | by mpb_kosovo | 15 min,ok,1.3
1,2,2026-05-02 04:49:00+02,15,mpb_kosovo,borderalarm,Lastly reported | 15 min | 02.05.2026 02:49 | by mpb_kosovo | 15 min,ok,1.3
16,2,2026-05-02 10:08:00+02,15,mpb_kosovo,borderalarm,by mpb_kosovo | 15 min | 02.05.2026 10:08 | by mpb_kosovo | Estimated waiting time by Google,no_camera_data,
15,2,2026-05-02 10:38:00+02,15,mpb_kosovo,borderalarm,by mpb_kosovo | 15 min | 02.05.2026 10:38 | by mpb_kosovo | 15 min,no_camera_data,
14,2,2026-05-02 11:28:00+02,15,mpb_kosovo,borderalarm,by mpb_kosovo | 15 min | 02.05.2026 11:28 | by mpb_kosovo | 15 min,no_camera_data,
13,2,2026-05-02 11:49:00+02,15,mpb_kosovo,borderalarm,by mpb_kosovo | 15 min | 02.05.2026 11:49 | by mpb_kosovo | 15 min,no_camera_data,
12,2,2026-05-02 12:08:00+02,15,mpb_kosovo,borderalarm,by mpb_kosovo | 15 min | 02.05.2026 12:08 | by mpb_kosovo | 15 min,no_camera_data,
11,2,2026-05-02 12:38:00+02,15,mpb_kosovo,borderalarm,by mpb_kosovo | 15 min | 02.05.2026 12:38 | by mpb_kosovo | 15 min,no_camera_data,
10,2,2026-05-02 13:28:00+02,15,mpb_kosovo,borderalarm,by mpb_kosovo | 15 min | 02.05.2026 13:28 | by mpb_kosovo | 15 min,ok,1.4
9,2,2026-05-02 13:49:00+02,15,mpb_kosovo,borderalarm,Lastly reported | 15 min | 02.05.2026 13:49 | by mpb_kosovo | 15 min,ok,1.4
20,2,2026-05-02 14:08:00+02,15,mpb_kosovo,borderalarm,by mpb_kosovo | 15 min | 02.05.2026 14:08 | by mpb_kosovo | 15 min,ok,1.4
19,2,2026-05-02 14:38:00+02,15,mpb_kosovo,borderalarm,by mpb_kosovo | 15 min | 02.05.2026 14:38 | by mpb_kosovo | 15 min,ok,1.4
18,2,2026-05-02 15:28:00+02,15,mpb_kosovo,borderalarm,by mpb_kosovo | 15 min | 02.05.2026 15:28 | by mpb_kosovo | 15 min,ok,1.4
17,2,2026-05-02 15:49:00+02,15,mpb_kosovo,borderalarm,Lastly reported | 15 min | 02.05.2026 15:49 | by mpb_kosovo | 15 min,ok,1.4
26,2,2026-05-02 16:08:00+02,15,mpb_kosovo,borderalarm,by mpb_kosovo | 15 min | 02.05.2026 16:08 | by mpb_kosovo | 15 min,ok,9.2
25,2,2026-05-02 16:38:00+02,15,mpb_kosovo,borderalarm,by mpb_kosovo | 15 min | 02.05.2026 16:38 | by mpb_kosovo | 15 min,ok,9.2
24,2,2026-05-02 17:28:00+02,15,mpb_kosovo,borderalarm,by mpb_kosovo | 15 min | 02.05.2026 17:28 | by mpb_kosovo | 15 min,ok,9.2
23,2,2026-05-02 17:49:00+02,15,mpb_kosovo,borderalarm,by mpb_kosovo | 15 min | 02.05.2026 17:49 | by mpb_kosovo | 15 min,ok,9.2
22,2,2026-05-02 18:08:00+02,15,mpb_kosovo,borderalarm,by mpb_kosovo | 15 min | 02.05.2026 18:08 | by mpb_kosovo | 15 min,ok,7.2
21,2,2026-05-02 18:38:00+02,15,mpb_kosovo,borderalarm,Lastly reported | 15 min | 02.05.2026 18:38 | by mpb_kosovo | 15 min,ok,7.2
34,2,2026-05-02 21:29:00+02,15,mpb_kosovo,borderalarm,by mpb_kosovo | 15 min | 02.05.2026 21:29 | by mpb_kosovo | Estimated waiting time by Google,ok,0.5
33,2,2026-05-02 21:49:00+02,15,mpb_kosovo,borderalarm,by mpb_kosovo | 15 min | 02.05.2026 21:49 | by mpb_kosovo | 15 min,ok,0.5
32,2,2026-05-02 22:08:00+02,15,mpb_kosovo,borderalarm,by mpb_kosovo | 15 min | 02.05.2026 22:08 | by mpb_kosovo | 15 min,ok,0.5
31,2,2026-05-02 22:38:00+02,15,mpb_kosovo,borderalarm,by mpb_kosovo | 15 min | 02.05.2026 22:38 | by mpb_kosovo | 15 min,ok,0.5
30,2,2026-05-02 23:28:00+02,5,mpb_kosovo,borderalarm,by mpb_kosovo | 5 min | 02.05.2026 23:28 | by mpb_kosovo | 15 min,ok,0.5
29,2,2026-05-02 23:49:00+02,5,mpb_kosovo,borderalarm,by mpb_kosovo | 5 min | 02.05.2026 23:49 | by mpb_kosovo | 5 min,ok,0.5
28,2,2026-05-03 00:08:00+02,5,mpb_kosovo,borderalarm,by mpb_kosovo | 5 min | 03.05.2026 00:08 | by mpb_kosovo | 5 min,no_camera_data,
27,2,2026-05-03 00:38:00+02,5,mpb_kosovo,borderalarm,Lastly reported | 5 min | 03.05.2026 00:38 | by mpb_kosovo | 5 min,no_camera_data,
36,2,2026-05-03 01:28:00+02,5,mpb_kosovo,borderalarm,by mpb_kosovo | 5 min | 03.05.2026 01:28 | by mpb_kosovo | 5 min,ok,1.6
35,2,2026-05-03 01:49:00+02,5,mpb_kosovo,borderalarm,Lastly reported | 5 min | 03.05.2026 01:49 | by mpb_kosovo | 5 min,ok,1.6
37,2,2026-05-03 02:08:00+02,5,mpb_kosovo,borderalarm,Lastly reported | 5 min | 03.05.2026 02:08 | by mpb_kosovo | 5 min,ok,1.6
40,2,2026-05-03 02:28:00+02,5,mpb_kosovo,borderalarm,by mpb_kosovo | 5 min | 03.05.2026 02:28 | by mpb_kosovo | 5 min,ok,1.6
39,2,2026-05-03 02:38:00+02,5,mpb_kosovo,borderalarm,by mpb_kosovo | 5 min | 03.05.2026 02:38 | by mpb_kosovo | 5 min,ok,1.6
38,2,2026-05-03 02:49:00+02,5,mpb_kosovo,borderalarm,Lastly reported | 5 min | 03.05.2026 02:49 | by mpb_kosovo | 5 min,ok,1.6
42,2,2026-05-03 03:54:00+02,15,anonymous_,borderalarm,by mpb_kosovo | 15 min | 03.05.2026 03:54 | by anonymous_ | 5 min,ok,1.6
41,2,2026-05-03 04:09:00+02,5,mpb_kosovo,borderalarm,Lastly reported | 5 min | 03.05.2026 04:09 | by mpb_kosovo | 15 min,ok,1.5
43,2,2026-05-03 04:38:00+02,5,mpb_kosovo,borderalarm,Lastly reported | 5 min | 03.05.2026 04:38 | by mpb_kosovo | 5 min,ok,1.5
45,2,2026-05-03 05:28:00+02,5,mpb_kosovo,borderalarm,by mpb_kosovo | 5 min | 03.05.2026 05:28 | by mpb_kosovo | 5 min,ok,1.1
44,2,2026-05-03 05:49:00+02,5,mpb_kosovo,borderalarm,Lastly reported | 5 min | 03.05.2026 05:49 | by mpb_kosovo | 5 min,ok,1.1
46,2,2026-05-03 06:08:00+02,5,mpb_kosovo,borderalarm,Lastly reported | 5 min | 03.05.2026 06:08 | by mpb_kosovo | 5 min,ok,1.2
47,2,2026-05-03 06:38:00+02,5,mpb_kosovo,borderalarm,Lastly reported | 5 min | 03.05.2026 06:38 | by mpb_kosovo | 5 min,ok,1.2
49,2,2026-05-03 07:28:00+02,5,mpb_kosovo,borderalarm,by mpb_kosovo | 5 min | 03.05.2026 07:28 | by mpb_kosovo | 5 min,ok,2.2
48,2,2026-05-03 07:49:00+02,5,mpb_kosovo,borderalarm,Lastly reported | 5 min | 03.05.2026 07:49 | by mpb_kosovo | 5 min,ok,2.2
50,2,2026-05-03 08:08:00+02,5,mpb_kosovo,borderalarm,Lastly reported | 5 min | 03.05.2026 08:08 | by mpb_kosovo | 5 min,ok,1.3
51,2,2026-05-03 08:38:00+02,5,mpb_kosovo,borderalarm,Lastly reported | 5 min | 03.05.2026 08:38 | by mpb_kosovo | 5 min,ok,1.3
53,2,2026-05-03 09:28:00+02,5,mpb_kosovo,borderalarm,by mpb_kosovo | 5 min | 03.05.2026 09:28 | by mpb_kosovo | 5 min,ok,0.7
52,2,2026-05-03 09:49:00+02,5,mpb_kosovo,borderalarm,Lastly reported | 5 min | 03.05.2026 09:49 | by mpb_kosovo | 5 min,ok,0.7
54,2,2026-05-03 10:08:00+02,5,mpb_kosovo,borderalarm,Lastly reported | 5 min | 03.05.2026 10:08 | by mpb_kosovo | 5 min,ok,1.5
55,2,2026-05-03 10:38:00+02,5,mpb_kosovo,borderalarm,Lastly reported | 5 min | 03.05.2026 10:38 | by mpb_kosovo | 5 min,ok,1.5
57,2,2026-05-03 11:28:00+02,5,mpb_kosovo,borderalarm,by mpb_kosovo | 5 min | 03.05.2026 11:28 | by mpb_kosovo | 5 min,ok,2.2
56,2,2026-05-03 11:49:00+02,5,mpb_kosovo,borderalarm,Lastly reported | 5 min | 03.05.2026 11:49 | by mpb_kosovo | 5 min,ok,2.2
59,2,2026-05-03 12:08:00+02,5,mpb_kosovo,borderalarm,by mpb_kosovo | 5 min | 03.05.2026 12:08 | by mpb_kosovo | 5 min,ok,2.2
58,2,2026-05-03 12:38:00+02,5,mpb_kosovo,borderalarm,Lastly reported | 5 min | 03.05.2026 12:38 | by mpb_kosovo | 5 min,ok,2.2
61,2,2026-05-03 13:28:00+02,5,mpb_kosovo,borderalarm,by mpb_kosovo | 5 min | 03.05.2026 13:28 | by mpb_kosovo | 5 min,ok,1.9
60,2,2026-05-03 13:49:00+02,5,mpb_kosovo,borderalarm,Lastly reported | 5 min | 03.05.2026 13:49 | by mpb_kosovo | 5 min,ok,1.9
62,2,2026-05-03 14:08:00+02,5,mpb_kosovo,borderalarm,Lastly reported | 5 min | 03.05.2026 14:08 | by mpb_kosovo | 5 min,ok,3.4
63,2,2026-05-03 14:38:00+02,5,mpb_kosovo,borderalarm,Lastly reported | 5 min | 03.05.2026 14:38 | by mpb_kosovo | 5 min,ok,3.4
65,2,2026-05-03 15:28:00+02,5,mpb_kosovo,borderalarm,by mpb_kosovo | 5 min | 03.05.2026 15:28 | by mpb_kosovo | 5 min,ok,1.7
64,2,2026-05-03 15:49:00+02,5,mpb_kosovo,borderalarm,Lastly reported | 5 min | 03.05.2026 15:49 | by mpb_kosovo | 5 min,ok,1.7
66,2,2026-05-03 16:08:00+02,5,mpb_kosovo,borderalarm,Lastly reported | 5 min | 03.05.2026 16:08 | by mpb_kosovo | 5 min,ok,1.7
67,2,2026-05-03 16:38:00+02,5,mpb_kosovo,borderalarm,Lastly reported | 5 min | 03.05.2026 16:38 | by mpb_kosovo | 5 min,ok,1.7
69,2,2026-05-03 17:28:00+02,5,mpb_kosovo,borderalarm,by mpb_kosovo | 5 min | 03.05.2026 17:28 | by mpb_kosovo | 5 min,ok,1.1
68,2,2026-05-03 17:49:00+02,5,mpb_kosovo,borderalarm,Lastly reported | 5 min | 03.05.2026 17:49 | by mpb_kosovo | 5 min,ok,1.1
77,2,2026-05-03 19:28:00+02,5,mpb_kosovo,borderalarm,by mpb_kosovo | 5 min | 03.05.2026 19:28 | by mpb_kosovo | Estimated waiting time by Google,ok,1.8
76,2,2026-05-03 19:49:00+02,5,mpb_kosovo,borderalarm,by mpb_kosovo | 5 min | 03.05.2026 19:49 | by mpb_kosovo | 5 min,ok,1.8
75,2,2026-05-03 20:08:00+02,5,mpb_kosovo,borderalarm,by mpb_kosovo | 5 min | 03.05.2026 20:08 | by mpb_kosovo | 5 min,ok,0.9
74,2,2026-05-03 20:38:00+02,5,mpb_kosovo,borderalarm,by mpb_kosovo | 5 min | 03.05.2026 20:38 | by mpb_kosovo | 5 min,ok,0.9
73,2,2026-05-03 21:28:00+02,5,mpb_kosovo,borderalarm,by mpb_kosovo | 5 min | 03.05.2026 21:28 | by mpb_kosovo | 5 min,ok,0.9
72,2,2026-05-03 21:49:00+02,5,mpb_kosovo,borderalarm,by mpb_kosovo | 5 min | 03.05.2026 21:49 | by mpb_kosovo | 5 min,ok,0.9
71,2,2026-05-03 22:08:00+02,5,mpb_kosovo,borderalarm,by mpb_kosovo | 5 min | 03.05.2026 22:08 | by mpb_kosovo | 5 min,ok,0.9
70,2,2026-05-03 22:38:00+02,5,mpb_kosovo,borderalarm,Lastly reported | 5 min | 03.05.2026 22:38 | by mpb_kosovo | 5 min,ok,0.9
78,2,2026-05-03 23:29:00+02,5,mpb_kosovo,borderalarm,Lastly reported | 5 min | 03.05.2026 23:29 | by mpb_kosovo | 5 min,ok,1.7
80,2,2026-05-03 23:49:00+02,5,mpb_kosovo,borderalarm,by mpb_kosovo | 5 min | 03.05.2026 23:49 | by mpb_kosovo | 5 min,ok,1.7
79,2,2026-05-04 00:08:00+02,5,mpb_kosovo,borderalarm,Lastly reported | 5 min | 04.05.2026 00:08 | by mpb_kosovo | 5 min,ok,1.7
81,2,2026-05-04 00:38:00+02,5,mpb_kosovo,borderalarm,Lastly reported | 5 min | 04.05.2026 00:38 | by mpb_kosovo | 5 min,ok,1.7
83,2,2026-05-04 01:28:00+02,5,mpb_kosovo,borderalarm,by mpb_kosovo | 5 min | 04.05.2026 01:28 | by mpb_kosovo | 5 min,ok,1.5
82,2,2026-05-04 01:49:00+02,5,mpb_kosovo,borderalarm,Lastly reported | 5 min | 04.05.2026 01:49 | by mpb_kosovo | 5 min,ok,1.5
85,2,2026-05-04 02:08:00+02,5,mpb_kosovo,borderalarm,by mpb_kosovo | 5 min | 04.05.2026 02:08 | by mpb_kosovo | 5 min,ok,1.8
84,2,2026-05-04 02:28:00+02,5,mpb_kosovo,borderalarm,Lastly reported | 5 min | 04.05.2026 02:28 | by mpb_kosovo | 5 min,ok,1.8
87,2,2026-05-04 02:38:00+02,5,mpb_kosovo,borderalarm,by mpb_kosovo | 5 min | 04.05.2026 02:38 | by mpb_kosovo | 5 min,ok,1.8
86,2,2026-05-04 02:49:00+02,5,mpb_kosovo,borderalarm,Lastly reported | 5 min | 04.05.2026 02:49 | by mpb_kosovo | 5 min,ok,1.8
88,2,2026-05-04 03:57:00+02,15,anonymous_,borderalarm,Lastly reported | 15 min | 04.05.2026 03:57 | by anonymous_ | 5 min,ok,1
89,2,2026-05-04 04:08:00+02,5,mpb_kosovo,borderalarm,Lastly reported | 5 min | 04.05.2026 04:08 | by mpb_kosovo | 15 min,ok,1.4
97,2,2026-05-04 08:38:00+02,5,mpb_kosovo,borderalarm,by mpb_kosovo | 5 min | 04.05.2026 08:38 | by mpb_kosovo | Estimated waiting time by Google,ok,1.3
96,2,2026-05-04 09:28:00+02,5,mpb_kosovo,borderalarm,by mpb_kosovo | 5 min | 04.05.2026 09:28 | by mpb_kosovo | 5 min,no_camera_data,
95,2,2026-05-04 09:49:00+02,5,mpb_kosovo,borderalarm,by mpb_kosovo | 5 min | 04.05.2026 09:49 | by mpb_kosovo | 5 min,no_camera_data,
94,2,2026-05-04 10:08:00+02,5,mpb_kosovo,borderalarm,by mpb_kosovo | 5 min | 04.05.2026 10:08 | by mpb_kosovo | 5 min,no_camera_data,
93,2,2026-05-04 10:38:00+02,5,mpb_kosovo,borderalarm,by mpb_kosovo | 5 min | 04.05.2026 10:38 | by mpb_kosovo | 5 min,no_camera_data,
92,2,2026-05-04 11:28:00+02,5,mpb_kosovo,borderalarm,by mpb_kosovo | 5 min | 04.05.2026 11:28 | by mpb_kosovo | 5 min,no_camera_data,
91,2,2026-05-04 11:49:00+02,5,mpb_kosovo,borderalarm,by mpb_kosovo | 5 min | 04.05.2026 11:49 | by mpb_kosovo | 5 min,no_camera_data,
90,2,2026-05-04 12:08:00+02,5,mpb_kosovo,borderalarm,Lastly reported | 5 min | 04.05.2026 12:08 | by mpb_kosovo | 5 min,ok,1.8
98,2,2026-05-04 12:38:00+02,5,mpb_kosovo,borderalarm,Lastly reported | 5 min | 04.05.2026 12:38 | by mpb_kosovo | 5 min,ok,1.8
106,2,2026-05-08 09:28:00+02,10,mpb_kosovo,borderalarm,by mpb_kosovo | 10 min | 08.05.2026 09:28 | by mpb_kosovo | Estimated waiting time by Google,no_camera_data,
105,2,2026-05-08 09:49:00+02,10,mpb_kosovo,borderalarm,by mpb_kosovo | 10 min | 08.05.2026 09:49 | by mpb_kosovo | 10 min,no_camera_data,
104,2,2026-05-08 10:08:00+02,10,mpb_kosovo,borderalarm,by mpb_kosovo | 10 min | 08.05.2026 10:08 | by mpb_kosovo | 10 min,no_camera_data,
103,2,2026-05-08 10:38:00+02,10,mpb_kosovo,borderalarm,by mpb_kosovo | 10 min | 08.05.2026 10:38 | by mpb_kosovo | 10 min,no_camera_data,
102,2,2026-05-08 11:28:00+02,10,mpb_kosovo,borderalarm,by mpb_kosovo | 10 min | 08.05.2026 11:28 | by mpb_kosovo | 10 min,no_camera_data,
101,2,2026-05-08 11:49:00+02,10,mpb_kosovo,borderalarm,by mpb_kosovo | 10 min | 08.05.2026 11:49 | by mpb_kosovo | 10 min,no_camera_data,
100,2,2026-05-08 12:08:00+02,10,mpb_kosovo,borderalarm,by mpb_kosovo | 10 min | 08.05.2026 12:08 | by mpb_kosovo | 10 min,no_camera_data,
99,2,2026-05-08 12:38:00+02,10,mpb_kosovo,borderalarm,Lastly reported | 10 min | 08.05.2026 12:38 | by mpb_kosovo | 10 min,no_camera_data,
107,2,2026-05-08 13:28:00+02,10,mpb_kosovo,borderalarm,Lastly reported | 10 min | 08.05.2026 13:28 | by mpb_kosovo | 10 min,ok,2
109,2,2026-05-08 13:49:00+02,10,mpb_kosovo,borderalarm,by mpb_kosovo | 10 min | 08.05.2026 13:49 | by mpb_kosovo | 10 min,ok,2
108,2,2026-05-08 14:08:00+02,10,mpb_kosovo,borderalarm,Lastly reported | 10 min | 08.05.2026 14:08 | by mpb_kosovo | 10 min,ok,2
117,2,2026-05-08 18:38:00+02,10,mpb_kosovo,borderalarm,by mpb_kosovo | 10 min | 08.05.2026 18:38 | by mpb_kosovo | Estimated waiting time by Google,ok,1.9
116,2,2026-05-08 19:28:00+02,10,mpb_kosovo,borderalarm,by mpb_kosovo | 10 min | 08.05.2026 19:28 | by mpb_kosovo | 10 min,no_camera_data,
115,2,2026-05-08 19:49:00+02,10,mpb_kosovo,borderalarm,by mpb_kosovo | 10 min | 08.05.2026 19:49 | by mpb_kosovo | 10 min,no_camera_data,
114,2,2026-05-08 20:08:00+02,10,mpb_kosovo,borderalarm,by mpb_kosovo | 10 min | 08.05.2026 20:08 | by mpb_kosovo | 10 min,no_camera_data,
113,2,2026-05-08 20:38:00+02,10,mpb_kosovo,borderalarm,by mpb_kosovo | 10 min | 08.05.2026 20:38 | by mpb_kosovo | 10 min,no_camera_data,
112,2,2026-05-08 21:28:00+02,10,mpb_kosovo,borderalarm,by mpb_kosovo | 10 min | 08.05.2026 21:28 | by mpb_kosovo | 10 min,no_camera_data,
111,2,2026-05-08 21:49:00+02,10,mpb_kosovo,borderalarm,by mpb_kosovo | 10 min | 08.05.2026 21:49 | by mpb_kosovo | 10 min,no_camera_data,
110,2,2026-05-08 22:08:00+02,10,mpb_kosovo,borderalarm,Lastly reported | 10 min | 08.05.2026 22:08 | by mpb_kosovo | 10 min,suspect_ratio_5.0x,2
118,2,2026-05-08 22:38:00+02,10,mpb_kosovo,borderalarm,Lastly reported | 10 min | 08.05.2026 22:38 | by mpb_kosovo | 10 min,suspect_ratio_5.0x,2
120,2,2026-05-08 23:28:00+02,10,mpb_kosovo,borderalarm,by mpb_kosovo | 10 min | 08.05.2026 23:28 | by mpb_kosovo | 10 min,suspect_ratio_5.0x,2
119,2,2026-05-08 23:49:00+02,10,mpb_kosovo,borderalarm,Lastly reported | 10 min | 08.05.2026 23:49 | by mpb_kosovo | 10 min,suspect_ratio_5.0x,2
121,2,2026-05-09 00:08:00+02,10,mpb_kosovo,borderalarm,Lastly reported | 10 min | 09.05.2026 00:08 | by mpb_kosovo | 10 min,suspect_ratio_5.0x,2
122,2,2026-05-09 00:38:00+02,10,mpb_kosovo,borderalarm,Lastly reported | 10 min | 09.05.2026 00:38 | by mpb_kosovo | 10 min,suspect_ratio_5.0x,2
124,2,2026-05-09 01:28:00+02,10,mpb_kosovo,borderalarm,by mpb_kosovo | 10 min | 09.05.2026 01:28 | by mpb_kosovo | 10 min,ok,0.9
123,2,2026-05-09 01:49:00+02,10,mpb_kosovo,borderalarm,Lastly reported | 10 min | 09.05.2026 01:49 | by mpb_kosovo | 10 min,ok,0.9
125,2,2026-05-09 02:08:00+02,10,mpb_kosovo,borderalarm,Lastly reported | 10 min | 09.05.2026 02:08 | by mpb_kosovo | 10 min,ok,0.8
128,2,2026-05-09 02:28:00+02,10,mpb_kosovo,borderalarm,by mpb_kosovo | 10 min | 09.05.2026 02:28 | by mpb_kosovo | 10 min,ok,0.8
127,2,2026-05-09 02:38:00+02,10,mpb_kosovo,borderalarm,by mpb_kosovo | 10 min | 09.05.2026 02:38 | by mpb_kosovo | 10 min,ok,0.8
126,2,2026-05-09 02:49:00+02,10,mpb_kosovo,borderalarm,Lastly reported | 10 min | 09.05.2026 02:49 | by mpb_kosovo | 10 min,ok,0.8
130,2,2026-05-09 03:58:00+02,5,anonymous_,borderalarm,by mpb_kosovo | 5 min | 09.05.2026 03:58 | by anonymous_ | 10 min,ok,0.9
129,2,2026-05-09 04:08:00+02,10,mpb_kosovo,borderalarm,Lastly reported | 10 min | 09.05.2026 04:08 | by mpb_kosovo | 5 min,ok,1.3
138,2,2026-05-09 13:28:00+02,15,mpb_kosovo,borderalarm,by mpb_kosovo | 15 min | 09.05.2026 13:28 | by mpb_kosovo | Estimated waiting time by Google,no_camera_data,
137,2,2026-05-09 13:49:00+02,15,mpb_kosovo,borderalarm,by mpb_kosovo | 15 min | 09.05.2026 13:49 | by mpb_kosovo | 15 min,no_camera_data,
136,2,2026-05-09 14:08:00+02,15,mpb_kosovo,borderalarm,by mpb_kosovo | 15 min | 09.05.2026 14:08 | by mpb_kosovo | 15 min,no_camera_data,
135,2,2026-05-09 14:38:00+02,15,mpb_kosovo,borderalarm,by mpb_kosovo | 15 min | 09.05.2026 14:38 | by mpb_kosovo | 15 min,no_camera_data,
134,2,2026-05-09 15:28:00+02,15,mpb_kosovo,borderalarm,by mpb_kosovo | 15 min | 09.05.2026 15:28 | by mpb_kosovo | 15 min,no_camera_data,
133,2,2026-05-09 15:49:00+02,15,mpb_kosovo,borderalarm,by mpb_kosovo | 15 min | 09.05.2026 15:49 | by mpb_kosovo | 15 min,no_camera_data,
132,2,2026-05-09 16:08:00+02,15,mpb_kosovo,borderalarm,by mpb_kosovo | 15 min | 09.05.2026 16:08 | by mpb_kosovo | 15 min,no_camera_data,
131,2,2026-05-09 16:38:00+02,15,mpb_kosovo,borderalarm,Lastly reported | 15 min | 09.05.2026 16:38 | by mpb_kosovo | 15 min,no_camera_data,
139,2,2026-05-09 17:28:00+02,15,mpb_kosovo,borderalarm,Lastly reported | 15 min | 09.05.2026 17:28 | by mpb_kosovo | 15 min,ok,1.6
140,2,2026-05-09 17:49:00+02,15,mpb_kosovo,borderalarm,Lastly reported | 15 min | 09.05.2026 17:49 | by mpb_kosovo | 15 min,ok,1.6
148,2,2026-05-09 18:08:00+02,15,mpb_kosovo,borderalarm,by mpb_kosovo | 15 min | 09.05.2026 18:08 | by mpb_kosovo | Estimated waiting time by Google,ok,1.6
147,2,2026-05-09 18:38:00+02,15,mpb_kosovo,borderalarm,by mpb_kosovo | 15 min | 09.05.2026 18:38 | by mpb_kosovo | 15 min,ok,1.6
146,2,2026-05-09 19:28:00+02,15,mpb_kosovo,borderalarm,by mpb_kosovo | 15 min | 09.05.2026 19:28 | by mpb_kosovo | 15 min,ok,1.6
145,2,2026-05-09 19:49:00+02,15,mpb_kosovo,borderalarm,by mpb_kosovo | 15 min | 09.05.2026 19:49 | by mpb_kosovo | 15 min,ok,1.6
144,2,2026-05-09 20:08:00+02,15,mpb_kosovo,borderalarm,by mpb_kosovo | 15 min | 09.05.2026 20:08 | by mpb_kosovo | 15 min,ok,1.6
143,2,2026-05-09 20:38:00+02,15,mpb_kosovo,borderalarm,by mpb_kosovo | 15 min | 09.05.2026 20:38 | by mpb_kosovo | 15 min,ok,1.6
142,2,2026-05-09 21:28:00+02,15,mpb_kosovo,borderalarm,by mpb_kosovo | 15 min | 09.05.2026 21:28 | by mpb_kosovo | 15 min,ok,1.6
141,2,2026-05-09 21:49:00+02,15,mpb_kosovo,borderalarm,Lastly reported | 15 min | 09.05.2026 21:49 | by mpb_kosovo | 15 min,ok,1.6
149,2,2026-05-09 22:08:00+02,15,mpb_kosovo,borderalarm,Lastly reported | 15 min | 09.05.2026 22:08 | by mpb_kosovo | 15 min,ok,1.7
150,2,2026-05-09 22:38:00+02,15,mpb_kosovo,borderalarm,Lastly reported | 15 min | 09.05.2026 22:38 | by mpb_kosovo | 15 min,ok,1.7
151,2,2026-05-09 23:28:00+02,15,mpb_kosovo,borderalarm,Lastly reported | 15 min | 09.05.2026 23:28 | by mpb_kosovo | 15 min,ok,1.7
152,2,2026-05-09 23:49:00+02,15,mpb_kosovo,borderalarm,Lastly reported | 15 min | 09.05.2026 23:49 | by mpb_kosovo | 15 min,ok,1.7
153,2,2026-05-10 00:08:00+02,15,mpb_kosovo,borderalarm,Lastly reported | 15 min | 10.05.2026 00:08 | by mpb_kosovo | 15 min,ok,1.7
154,2,2026-05-10 00:38:00+02,15,mpb_kosovo,borderalarm,Lastly reported | 15 min | 10.05.2026 00:38 | by mpb_kosovo | 15 min,ok,1.7
155,2,2026-05-10 01:28:00+02,15,mpb_kosovo,borderalarm,Lastly reported | 15 min | 10.05.2026 01:28 | by mpb_kosovo | 15 min,ok,1.4
