1,3,2026-05-01 22:58:00+02,5,anonymous_,borderalarm,Lastly reported | 5 min | 01.05.2026 22:58 | by anonymous_ | 10 min
2,3,2026-05-01 21:55:00+02,10,anonymous_,borderalarm,by anonymous_ | 10 min | 01.05.2026 21:55 | by anonymous_ | 5 min
3,3,2026-05-01 20:58:00+02,5,anonymous_,borderalarm,by anonymous_ | 5 min | 01.05.2026 20:58 | by anonymous_ | 10 min
4,3,2026-05-01 19:53:00+02,10,anonymous_,borderalarm,by anonymous_ | 10 min | 01.05.2026 19:53 | by anonymous_ | 5 min
5,3,2026-05-01 18:55:00+02,5,anonymous_,borderalarm,by anonymous_ | 5 min | 01.05.2026 18:55 | by anonymous_ | 10 min
6,3,2026-05-01 17:58:00+02,10,anonymous_,borderalarm,by anonymous_ | 10 min | 01.05.2026 17:58 | by anonymous_ | 15 min
7,3,2026-05-01 16:53:00+02,15,anonymous_,borderalarm,by anonymous_ | 15 min | 01.05.2026 16:53 | by anonymous_ | 5 min
8,3,2026-05-01 15:55:00+02,5,anonymous_,borderalarm,by anonymous_ | 5 min | 01.05.2026 15:55 | by anonymous_ | Estimated waiting time by Google
9,3,2026-05-01 23:59:00+02,15,anonymous_,borderalarm,Lastly reported | 15 min | 01.05.2026 23:59 | by anonymous_ | 5 min
10,3,2026-05-02 00:57:00+02,10,anonymous_,borderalarm,Lastly reported | 10 min | 02.05.2026 00:57 | by anonymous_ | 15 min
11,3,2026-05-02 01:59:00+02,5,anonymous_,borderalarm,Lastly reported | 5 min | 02.05.2026 01:59 | by anonymous_ | 10 min
12,3,2026-05-02 02:55:00+02,10,anonymous_,borderalarm,Lastly reported | 10 min | 02.05.2026 02:55 | by anonymous_ | 5 min
13,3,2026-05-02 03:56:00+02,5,anonymous_,borderalarm,Lastly reported | 5 min | 02.05.2026 03:56 | by anonymous_ | 10 min
14,3,2026-05-02 04:55:00+02,10,anonymous_,borderalarm,Lastly reported | 10 min | 02.05.2026 04:55 | by anonymous_ | 5 min
15,3,2026-05-02 05:53:00+02,5,anonymous_,borderalarm,Lastly reported | 5 min | 02.05.2026 05:53 | by anonymous_ | 10 min
16,3,2026-05-02 06:55:00+02,10,anonymous_,borderalarm,Lastly reported | 10 min | 02.05.2026 06:55 | by anonymous_ | 5 min
17,3,2026-05-02 07:56:00+02,5,anonymous_,borderalarm,Lastly reported | 5 min | 02.05.2026 07:56 | by anonymous_ | 10 min
18,3,2026-05-02 08:53:00+02,10,anonymous_,borderalarm,Lastly reported | 10 min | 02.05.2026 08:53 | by anonymous_ | 5 min
19,3,2026-05-02 09:59:00+02,5,anonymous_,borderalarm,Lastly reported | 5 min | 02.05.2026 09:59 | by anonymous_ | 10 min
20,3,2026-05-02 10:55:00+02,10,anonymous_,borderalarm,Lastly reported | 10 min | 02.05.2026 10:55 | by anonymous_ | 5 min
21,3,2026-05-02 11:55:00+02,5,anonymous_,borderalarm,Lastly reported | 5 min | 02.05.2026 11:55 | by anonymous_ | 10 min
22,3,2026-05-02 12:14:00+02,20,anonymous,borderalarm,Lastly reported | 20 min | 02.05.2026 12:14 | by anonymous | 5 min
23,3,2026-05-02 13:27:00+02,15,anonymous_,borderalarm,Lastly reported | 15 min | 02.05.2026 13:27 | by anonymous_ | 20 min
24,3,2026-05-02 14:25:00+02,10,anonymous_,borderalarm,Lastly reported | 10 min | 02.05.2026 14:25 | by anonymous_ | 15 min
25,3,2026-05-02 15:27:00+02,5,anonymous_,borderalarm,Lastly reported | 5 min | 02.05.2026 15:27 | by anonymous_ | 10 min
26,3,2026-05-02 16:23:00+02,15,anonymous_,borderalarm,Lastly reported | 15 min | 02.05.2026 16:23 | by anonymous_ | 5 min
27,3,2026-05-02 17:25:00+02,20,anonymous,borderalarm,Lastly reported | 20 min | 02.05.2026 17:25 | by anonymous | 15 min
28,3,2026-05-02 18:28:00+02,15,anonymous_,borderalarm,Lastly reported | 15 min | 02.05.2026 18:28 | by anonymous_ | 20 min
29,3,2026-05-02 19:25:00+02,10,anonymous_,borderalarm,Lastly reported | 10 min | 02.05.2026 19:25 | by anonymous_ | 15 min
30,3,2026-05-02 20:29:00+02,5,anonymous_,borderalarm,Lastly reported | 5 min | 02.05.2026 20:29 | by anonymous_ | 10 min
31,3,2026-05-02 21:25:00+02,10,anonymous_,borderalarm,Lastly reported | 10 min | 02.05.2026 21:25 | by anonymous_ | 5 min
32,3,2026-05-02 22:27:00+02,5,anonymous_,borderalarm,Lastly reported | 5 min | 02.05.2026 22:27 | by anonymous_ | 10 min
33,3,2026-05-02 23:26:00+02,10,anonymous_,borderalarm,Lastly reported | 10 min | 02.05.2026 23:26 | by anonymous_ | 5 min
34,3,2026-05-03 00:27:00+02,5,anonymous_,borderalarm,Lastly reported | 5 min | 03.05.2026 00:27 | by anonymous_ | 10 min
35,3,2026-05-03 01:23:00+02,15,anonymous_,borderalarm,Lastly reported | 15 min | 03.05.2026 01:23 | by anonymous_ | 5 min
36,3,2026-05-03 02:29:00+02,10,anonymous_,borderalarm,Lastly reported | 10 min | 03.05.2026 02:29 | by anonymous_ | 15 min
37,3,2026-05-03 03:28:00+02,5,anonymous_,borderalarm,Lastly reported | 5 min | 03.05.2026 03:28 | by anonymous_ | 10 min
38,3,2026-05-03 04:29:00+02,10,anonymous_,borderalarm,Lastly reported | 10 min | 03.05.2026 04:29 | by anonymous_ | 5 min
39,3,2026-05-03 05:24:00+02,5,anonymous_,borderalarm,Lastly reported | 5 min | 03.05.2026 05:24 | by anonymous_ | 10 min
40,3,2026-05-03 06:26:00+02,15,anonymous_,borderalarm,Lastly reported | 15 min | 03.05.2026 06:26 | by anonymous_ | 5 min
41,3,2026-05-03 07:28:00+02,10,anonymous_,borderalarm,Lastly reported | 10 min | 03.05.2026 07:28 | by anonymous_ | 15 min
42,3,2026-05-03 08:24:00+02,5,anonymous_,borderalarm,Lastly reported | 5 min | 03.05.2026 08:24 | by anonymous_ | 10 min
43,3,2026-05-03 09:24:00+02,10,anonymous_,borderalarm,Lastly reported | 10 min | 03.05.2026 09:24 | by anonymous_ | 5 min
44,3,2026-05-03 10:23:00+02,5,anonymous_,borderalarm,Lastly reported | 5 min | 03.05.2026 10:23 | by anonymous_ | 10 min
45,3,2026-05-03 11:23:00+02,15,anonymous_,borderalarm,Lastly reported | 15 min | 03.05.2026 11:23 | by anonymous_ | 5 min
46,3,2026-05-03 12:26:00+02,10,anonymous_,borderalarm,Lastly reported | 10 min | 03.05.2026 12:26 | by anonymous_ | 15 min
47,3,2026-05-03 13:29:00+02,5,anonymous_,borderalarm,Lastly reported | 5 min | 03.05.2026 13:29 | by anonymous_ | 10 min
48,3,2026-05-03 14:28:00+02,10,anonymous_,borderalarm,Lastly reported | 10 min | 03.05.2026 14:28 | by anonymous_ | 5 min
49,3,2026-05-03 15:27:00+02,5,anonymous_,borderalarm,Lastly reported | 5 min | 03.05.2026 15:27 | by anonymous_ | 10 min
50,3,2026-05-03 16:25:00+02,10,anonymous_,borderalarm,Lastly reported | 10 min | 03.05.2026 16:25 | by anonymous_ | 5 min
51,3,2026-05-03 17:24:00+02,5,anonymous_,borderalarm,Lastly reported | 5 min | 03.05.2026 17:24 | by anonymous_ | 10 min
52,3,2026-05-03 18:23:00+02,10,anonymous_,borderalarm,Lastly reported | 10 min | 03.05.2026 18:23 | by anonymous_ | 5 min
53,3,2026-05-03 19:27:00+02,5,anonymous_,borderalarm,Lastly reported | 5 min | 03.05.2026 19:27 | by anonymous_ | 10 min
54,3,2026-05-03 20:28:00+02,10,anonymous_,borderalarm,Lastly reported | 10 min | 03.05.2026 20:28 | by anonymous_ | 5 min
55,3,2026-05-03 21:23:00+02,5,anonymous_,borderalarm,Lastly reported | 5 min | 03.05.2026 21:23 | by anonymous_ | 10 min
56,3,2026-05-03 22:24:00+02,10,anonymous_,borderalarm,Lastly reported | 10 min | 03.05.2026 22:24 | by anonymous_ | 5 min
57,3,2026-05-03 23:27:00+02,5,anonymous_,borderalarm,Lastly reported | 5 min | 03.05.2026 23:27 | by anonymous_ | 10 min
58,3,2026-05-04 00:23:00+02,15,anonymous_,borderalarm,Lastly reported | 15 min | 04.05.2026 00:23 | by anonymous_ | 5 min
59,3,2026-05-04 01:24:00+02,10,anonymous_,borderalarm,Lastly reported | 10 min | 04.05.2026 01:24 | by anonymous_ | 15 min
60,3,2026-05-04 02:26:00+02,5,anonymous_,borderalarm,Lastly reported | 5 min | 04.05.2026 02:26 | by anonymous_ | 10 min
61,3,2026-05-04 03:27:00+02,15,anonymous_,borderalarm,Lastly reported | 15 min | 04.05.2026 03:27 | by anonymous_ | 5 min
62,3,2026-05-04 04:27:00+02,10,anonymous_,borderalarm,Lastly reported | 10 min | 04.05.2026 04:27 | by anonymous_ | 15 min
63,3,2026-05-04 05:28:00+02,5,anonymous_,borderalarm,Lastly reported | 5 min | 04.05.2026 05:28 | by anonymous_ | 10 min
64,3,2026-05-04 06:23:00+02,15,anonymous_,borderalarm,Lastly reported | 15 min | 04.05.2026 06:23 | by anonymous_ | 5 min
65,3,2026-05-04 07:25:00+02,10,anonymous_,borderalarm,Lastly reported | 10 min | 04.05.2026 07:25 | by anonymous_ | 15 min
66,3,2026-05-04 08:23:00+02,5,anonymous_,borderalarm,Lastly reported | 5 min | 04.05.2026 08:23 | by anonymous_ | 10 min
67,3,2026-05-04 09:24:00+02,10,anonymous_,borderalarm,Lastly reported | 10 min | 04.05.2026 09:24 | by anonymous_ | 5 min
68,3,2026-05-04 10:23:00+02,5,anonymous_,borderalarm,Lastly reported | 5 min | 04.05.2026 10:23 | by anonymous_ | 10 min
69,3,2026-05-04 11:23:00+02,15,anonymous_,borderalarm,Lastly reported | 15 min | 04.05.2026 11:23 | by anonymous_ | 5 min
70,3,2026-05-04 12:29:00+02,10,anonymous_,borderalarm,Lastly reported | 10 min | 04.05.2026 12:29 | by anonymous_ | 15 min
71,3,2026-05-04 13:27:00+02,5,anonymous_,borderalarm,Lastly reported | 5 min | 04.05.2026 13:27 | by anonymous_ | 10 min
72,3,2026-05-04 14:24:00+02,10,anonymous_,borderalarm,Lastly reported | 10 min | 04.05.2026 14:24 | by anonymous_ | 5 min
73,3,2026-05-04 15:23:00+02,5,anonymous_,borderalarm,Lastly reported | 5 min | 04.05.2026 15:23 | by anonymous_ | 10 min
74,3,2026-05-04 16:29:00+02,15,anonymous_,borderalarm,Lastly reported | 15 min | 04.05.2026 16:29 | by anonymous_ | 5 min
75,3,2026-05-04 17:27:00+02,10,anonymous_,borderalarm,Lastly reported | 10 min | 04.05.2026 17:27 | by anonymous_ | 15 min
76,3,2026-05-04 18:26:00+02,5,anonymous_,borderalarm,Lastly reported | 5 min | 04.05.2026 18:26 | by anonymous_ | 10 min
77,3,2026-05-04 19:23:00+02,10,anonymous_,borderalarm,Lastly reported | 10 min | 04.05.2026 19:23 | by anonymous_ | 5 min
78,3,2026-05-04 20:23:00+02,5,anonymous_,borderalarm,Lastly reported | 5 min | 04.05.2026 20:23 | by anonymous_ | 10 min
79,3,2026-05-04 21:28:00+02,10,anonymous_,borderalarm,Lastly reported | 10 min | 04.05.2026 21:28 | by anonymous_ | 5 min
80,3,2026-05-04 22:23:00+02,5,anonymous,borderalarm,Lastly reported | 5 min | 04.05.2026 22:23 | by anonymous | 10 min
81,3,2026-05-04 23:27:00+02,15,anonymous_,borderalarm,Lastly reported | 15 min | 04.05.2026 23:27 | by anonymous_ | 5 min
82,3,2026-05-05 00:24:00+02,10,anonymous_,borderalarm,Lastly reported | 10 min | 05.05.2026 00:24 | by anonymous_ | 15 min
83,3,2026-05-05 01:29:00+02,5,anonymous_,borderalarm,Lastly reported | 5 min | 05.05.2026 01:29 | by anonymous_ | 10 min
84,3,2026-05-05 02:29:00+02,10,anonymous_,borderalarm,Lastly reported | 10 min | 05.05.2026 02:29 | by anonymous_ | 5 min
85,3,2026-05-05 03:24:00+02,5,anonymous_,borderalarm,Lastly reported | 5 min | 05.05.2026 03:24 | by anonymous_ | 10 min
86,3,2026-05-05 04:25:00+02,15,anonymous_,borderalarm,Lastly reported | 15 min | 05.05.2026 04:25 | by anonymous_ | 5 min
87,3,2026-05-05 05:26:00+02,10,anonymous_,borderalarm,Lastly reported | 10 min | 05.05.2026 05:26 | by anonymous_ | 15 min
88,3,2026-05-05 06:27:00+02,5,anonymous_,borderalarm,Lastly reported | 5 min | 05.05.2026 06:27 | by anonymous_ | 10 min
89,3,2026-05-05 07:24:00+02,15,anonymous_,borderalarm,Lastly reported | 15 min | 05.05.2026 07:24 | by anonymous_ | 5 min
90,3,2026-05-05 08:23:00+02,10,anonymous_,borderalarm,Lastly reported | 10 min | 05.05.2026 08:23 | by anonymous_ | 15 min
91,3,2026-05-05 09:24:00+02,5,anonymous_,borderalarm,Lastly reported | 5 min | 05.05.2026 09:24 | by anonymous_ | 10 min
92,3,2026-05-05 10:23:00+02,15,anonymous_,borderalarm,Lastly reported | 15 min | 05.05.2026 10:23 | by anonymous_ | 5 min
93,3,2026-05-05 11:27:00+02,10,anonymous_,borderalarm,Lastly reported | 10 min | 05.05.2026 11:27 | by anonymous_ | 15 min
94,3,2026-05-05 12:24:00+02,5,anonymous_,borderalarm,Lastly reported | 5 min | 05.05.2026 12:24 | by anonymous_ | 10 min
95,3,2026-05-05 13:25:00+02,10,anonymous_,borderalarm,Lastly reported | 10 min | 05.05.2026 13:25 | by anonymous_ | 5 min
96,3,2026-05-05 14:29:00+02,5,anonymous_,borderalarm,Lastly reported | 5 min | 05.05.2026 14:29 | by anonymous_ | 10 min
97,3,2026-05-05 15:23:00+02,15,anonymous_,borderalarm,Lastly reported | 15 min | 05.05.2026 15:23 | by anonymous_ | 5 min
98,3,2026-05-05 16:23:00+02,10,anonymous_,borderalarm,Lastly reported | 10 min | 05.05.2026 16:23 | by anonymous_ | 15 min
99,3,2026-05-05 17:23:00+02,5,anonymous_,borderalarm,Lastly reported | 5 min | 05.05.2026 17:23 | by anonymous_ | 10 min
100,3,2026-05-05 18:24:00+02,15,anonymous_,borderalarm,Lastly reported | 15 min | 05.05.2026 18:24 | by anonymous_ | 5 min
101,3,2026-05-05 19:24:00+02,10,anonymous_,borderalarm,Lastly reported | 10 min | 05.05.2026 19:24 | by anonymous_ | 15 min
102,3,2026-05-05 20:27:00+02,5,anonymous_,borderalarm,Lastly reported | 5 min | 05.05.2026 20:27 | by anonymous_ | 10 min
103,3,2026-05-05 21:27:00+02,10,anonymous_,borderalarm,Lastly reported | 10 min | 05.05.2026 21:27 | by anonymous_ | 5 min
104,3,2026-05-05 22:23:00+02,5,anonymous_,borderalarm,Lastly reported | 5 min | 05.05.2026 22:23 | by anonymous_ | 10 min
105,3,2026-05-05 23:28:00+02,15,anonymous_,borderalarm,Lastly reported | 15 min | 05.05.2026 23:28 | by anonymous_ | 5 min
106,3,2026-05-06 00:29:00+02,10,anonymous_,borderalarm,Lastly reported | 10 min | 06.05.2026 00:29 | by anonymous_ | 15 min
107,3,2026-05-06 02:23:00+02,15,anonymous_,borderalarm,Lastly reported | 15 min | 06.05.2026 02:23 | by anonymous_ | 5 min
108,3,2026-05-06 01:28:00+02,5,anonymous_,borderalarm,by anonymous_ | 5 min | 06.05.2026 01:28 | by anonymous_ | 10 min
109,3,2026-05-06 03:29:00+02,10,anonymous_,borderalarm,Lastly reported | 10 min | 06.05.2026 03:29 | by anonymous_ | 15 min
110,3,2026-05-06 04:26:00+02,5,anonymous_,borderalarm,Lastly reported | 5 min | 06.05.2026 04:26 | by anonymous_ | 10 min
111,3,2026-05-06 05:23:00+02,10,anonymous_,borderalarm,Lastly reported | 10 min | 06.05.2026 05:23 | by anonymous_ | 5 min
112,3,2026-05-06 06:28:00+02,5,anonymous_,borderalarm,Lastly reported | 5 min | 06.05.2026 06:28 | by anonymous_ | 10 min
113,3,2026-05-06 07:27:00+02,10,anonymous_,borderalarm,Lastly reported | 10 min | 06.05.2026 07:27 | by anonymous_ | 5 min
114,3,2026-05-06 08:24:00+02,5,anonymous_,borderalarm,Lastly reported | 5 min | 06.05.2026 08:24 | by anonymous_ | 10 min
115,3,2026-05-06 09:28:00+02,15,anonymous_,borderalarm,Lastly reported | 15 min | 06.05.2026 09:28 | by anonymous_ | 5 min
116,3,2026-05-06 10:28:00+02,10,anonymous_,borderalarm,Lastly reported | 10 min | 06.05.2026 10:28 | by anonymous_ | 15 min
117,3,2026-05-06 11:23:00+02,5,anonymous_,borderalarm,Lastly reported | 5 min | 06.05.2026 11:23 | by anonymous_ | 10 min
118,3,2026-05-06 12:27:00+02,10,anonymous_,borderalarm,Lastly reported | 10 min | 06.05.2026 12:27 | by anonymous_ | 5 min
119,3,2026-05-06 13:27:00+02,5,anonymous_,borderalarm,Lastly reported | 5 min | 06.05.2026 13:27 | by anonymous_ | 10 min
120,3,2026-05-06 14:24:00+02,15,anonymous_,borderalarm,Lastly reported | 15 min | 06.05.2026 14:24 | by anonymous_ | 5 min
121,3,2026-05-06 15:25:00+02,10,anonymous_,borderalarm,Lastly reported | 10 min | 06.05.2026 15:25 | by anonymous_ | 15 min
122,3,2026-05-06 16:27:00+02,5,anonymous_,borderalarm,Lastly reported | 5 min | 06.05.2026 16:27 | by anonymous_ | 10 min
