id,crossing_id,captured_at,interval_minutes,total_vehicles,cars,motorcycles,buses,trucks,lane_breakdown,fps
1,5,2026-05-04 13:47:52.905282+02,5,0,0,0,0,0,"{""Kafasan L1"": {""total"": 0, ""by_type"": {}}, ""Kafasan L2"": {""total"": 0, ""by_type"": {}}, ""Kafasan L3"": {""total"": 0, ""by_type"": {}}}",0.5
2,5,2026-05-04 13:52:52.992601+02,5,0,0,0,0,0,"{""Kafasan L1"": {""total"": 0, ""by_type"": {}}, ""Kafasan L2"": {""total"": 0, ""by_type"": {}}, ""Kafasan L3"": {""total"": 0, ""by_type"": {}}}",1
3,5,2026-05-04 13:57:53.068341+02,5,0,0,0,0,0,"{""Kafasan L1"": {""total"": 0, ""by_type"": {}}, ""Kafasan L2"": {""total"": 0, ""by_type"": {}}, ""Kafasan L3"": {""total"": 0, ""by_type"": {}}}",7
4,5,2026-05-04 14:02:53.109387+02,5,0,0,0,0,0,"{""Kafasan L1"": {""total"": 0, ""by_type"": {}}, ""Kafasan L2"": {""total"": 0, ""by_type"": {}}, ""Kafasan L3"": {""total"": 0, ""by_type"": {}}}",7
5,5,2026-05-04 14:15:51.474625+02,5,0,0,0,0,0,"{""Kafasan L1"": {""total"": 0, ""by_type"": {}}, ""Kafasan L2"": {""total"": 0, ""by_type"": {}}, ""Kafasan L3"": {""total"": 0, ""by_type"": {}}}",0.5
6,5,2026-05-04 14:21:10.22922+02,5,0,0,0,0,0,"{""Kafasan L1"": {""total"": 0, ""by_type"": {}}, ""Kafasan L2"": {""total"": 0, ""by_type"": {}}, ""Kafasan L3"": {""total"": 0, ""by_type"": {}}}",7
7,5,2026-05-04 14:26:10.256723+02,5,0,0,0,0,0,"{""Kafasan L1"": {""total"": 0, ""by_type"": {}}, ""Kafasan L2"": {""total"": 0, ""by_type"": {}}, ""Kafasan L3"": {""total"": 0, ""by_type"": {}}}",7
8,5,2026-05-04 14:45:58.068334+02,5,0,0,0,0,0,"{""Kafasan L1"": {""total"": 0, ""by_type"": {}}, ""Kafasan L2"": {""total"": 0, ""by_type"": {}}, ""Kafasan L3"": {""total"": 0, ""by_type"": {}}}",0.5
9,5,2026-05-04 14:51:05.110488+02,5,0,0,0,0,0,"{""Kafasan L1"": {""total"": 0, ""by_type"": {}}, ""Kafasan L2"": {""total"": 0, ""by_type"": {}}, ""Kafasan L3"": {""total"": 0, ""by_type"": {}}}",0.5
10,5,2026-05-04 14:56:05.788019+02,5,0,0,0,0,0,"{""Kafasan L1"": {""total"": 0, ""by_type"": {}}, ""Kafasan L2"": {""total"": 0, ""by_type"": {}}, ""Kafasan L3"": {""total"": 0, ""by_type"": {}}}",3
11,5,2026-05-04 15:01:05.978979+02,5,0,0,0,0,0,"{""Kafasan L1"": {""total"": 0, ""by_type"": {}}, ""Kafasan L2"": {""total"": 0, ""by_type"": {}}, ""Kafasan L3"": {""total"": 0, ""by_type"": {}}}",5.5
12,5,2026-05-04 15:06:06.123728+02,5,0,0,0,0,0,"{""Kafasan L1"": {""total"": 0, ""by_type"": {}}, ""Kafasan L2"": {""total"": 0, ""by_type"": {}}, ""Kafasan L3"": {""total"": 0, ""by_type"": {}}}",4.5
13,5,2026-05-04 15:11:06.219712+02,5,0,0,0,0,0,"{""Kafasan L1"": {""total"": 0, ""by_type"": {}}, ""Kafasan L2"": {""total"": 0, ""by_type"": {}}, ""Kafasan L3"": {""total"": 0, ""by_type"": {}}}",4
14,5,2026-05-04 15:16:06.234247+02,5,0,0,0,0,0,"{""Kafasan L1"": {""total"": 0, ""by_type"": {}}, ""Kafasan L2"": {""total"": 0, ""by_type"": {}}, ""Kafasan L3"": {""total"": 0, ""by_type"": {}}}",3.5
15,5,2026-05-04 15:21:06.395431+02,5,0,0,0,0,0,"{""Kafasan L1"": {""total"": 0, ""by_type"": {}}, ""Kafasan L2"": {""total"": 0, ""by_type"": {}}, ""Kafasan L3"": {""total"": 0, ""by_type"": {}}}",4
16,5,2026-05-04 15:26:06.428397+02,5,0,0,0,0,0,"{""Kafasan L1"": {""total"": 0, ""by_type"": {}}, ""Kafasan L2"": {""total"": 0, ""by_type"": {}}, ""Kafasan L3"": {""total"": 0, ""by_type"": {}}}",5
17,5,2026-05-04 15:31:06.476703+02,5,0,0,0,0,0,"{""Kafasan L1"": {""total"": 0, ""by_type"": {}}, ""Kafasan L2"": {""total"": 0, ""by_type"": {}}, ""Kafasan L3"": {""total"": 0, ""by_type"": {}}}",6
18,5,2026-05-04 15:36:19.031876+02,5,0,0,0,0,0,"{""Kafasan L1"": {""total"": 0, ""by_type"": {}}, ""Kafasan L2"": {""total"": 0, ""by_type"": {}}, ""Kafasan L3"": {""total"": 0, ""by_type"": {}}}",0.5
19,5,2026-05-04 15:41:20.876104+02,5,0,0,0,0,0,"{""Kafasan L1"": {""total"": 0, ""by_type"": {}}, ""Kafasan L2"": {""total"": 0, ""by_type"": {}}, ""Kafasan L3"": {""total"": 0, ""by_type"": {}}}",0.5
20,5,2026-05-04 15:46:50.374858+02,5,0,0,0,0,0,"{""Kafasan L1"": {""total"": 0, ""by_type"": {}}, ""Kafasan L2"": {""total"": 0, ""by_type"": {}}, ""Kafasan L3"": {""total"": 0, ""by_type"": {}}}",0.5
21,5,2026-05-04 15:51:50.511499+02,5,1,0,0,0,1,"{""Kafasan L1"": {""total"": 1, ""by_type"": {""truck"": 1}}, ""Kafasan L2"": {""total"": 0, ""by_type"": {}}, ""Kafasan L3"": {""total"": 0, ""by_type"": {}}}",6.5
22,5,2026-05-04 15:56:50.566339+02,5,0,0,0,0,0,"{""Kafasan L1"": {""total"": 0, ""by_type"": {}}, ""Kafasan L2"": {""total"": 0, ""by_type"": {}}, ""Kafasan L3"": {""total"": 0, ""by_type"": {}}}",6
23,5,2026-05-04 16:01:50.638479+02,5,0,0,0,0,0,"{""Kafasan L1"": {""total"": 0, ""by_type"": {}}, ""Kafasan L2"": {""total"": 0, ""by_type"": {}}, ""Kafasan L3"": {""total"": 0, ""by_type"": {}}}",6
24,5,2026-05-04 16:06:50.745828+02,5,0,0,0,0,0,"{""Kafasan L1"": {""total"": 0, ""by_type"": {}}, ""Kafasan L2"": {""total"": 0, ""by_type"": {}}, ""Kafasan L3"": {""total"": 0, ""by_type"": {}}}",6
25,5,2026-05-04 16:12:04.617342+02,5,0,0,0,0,0,"{""Kafasan L1"": {""total"": 0, ""by_type"": {}}, ""Kafasan L2"": {""total"": 0, ""by_type"": {}}, ""Kafasan L3"": {""total"": 0, ""by_type"": {}}}",0.5
26,5,2026-05-04 16:48:46.634573+02,5,1,1,0,0,0,"{""Kafasan L1"": {""total"": 0, ""by_type"": {}}, ""Kafasan L2"": {""total"": 1, ""by_type"": {""car"": 1}}, ""Kafasan L3"": {""total"": 0, ""by_type"": {}}}",0.5
27,5,2026-05-04 16:53:46.716981+02,5,0,0,0,0,0,"{""Kafasan L1"": {""total"": 0, ""by_type"": {}}, ""Kafasan L2"": {""total"": 0, ""by_type"": {}}, ""Kafasan L3"": {""total"": 0, ""by_type"": {}}}",7.5
28,5,2026-05-04 16:58:46.851141+02,5,0,0,0,0,0,"{""Kafasan L1"": {""total"": 0, ""by_type"": {}}, ""Kafasan L2"": {""total"": 0, ""by_type"": {}}, ""Kafasan L3"": {""total"": 0, ""by_type"": {}}}",7
29,5,2026-05-04 17:03:50.633272+02,5,0,0,0,0,0,"{""Kafasan L1"": {""total"": 0, ""by_type"": {}}, ""Kafasan L2"": {""total"": 0, ""by_type"": {}}, ""Kafasan L3"": {""total"": 0, ""by_type"": {}}}",0.5
30,5,2026-05-04 17:08:50.671564+02,5,0,0,0,0,0,"{""Kafasan L1"": {""total"": 0, ""by_type"": {}}, ""Kafasan L2"": {""total"": 0, ""by_type"": {}}, ""Kafasan L3"": {""total"": 0, ""by_type"": {}}}",7
31,5,2026-05-04 17:13:50.680076+02,5,0,0,0,0,0,"{""Kafasan L1"": {""total"": 0, ""by_type"": {}}, ""Kafasan L2"": {""total"": 0, ""by_type"": {}}, ""Kafasan L3"": {""total"": 0, ""by_type"": {}}}",1.5
32,5,2026-05-04 17:18:50.70254+02,5,0,0,0,0,0,"{""Kafasan L1"": {""total"": 0, ""by_type"": {}}, ""Kafasan L2"": {""total"": 0, ""by_type"": {}}, ""Kafasan L3"": {""total"": 0, ""by_type"": {}}}",7
33,5,2026-05-04 17:23:50.774278+02,5,0,0,0,0,0,"{""Kafasan L1"": {""total"": 0, ""by_type"": {}}, ""Kafasan L2"": {""total"": 0, ""by_type"": {}}, ""Kafasan L3"": {""total"": 0, ""by_type"": {}}}",7
34,5,2026-05-04 17:28:50.869852+02,5,0,0,0,0,0,"{""Kafasan L1"": {""total"": 0, ""by_type"": {}}, ""Kafasan L2"": {""total"": 0, ""by_type"": {}}, ""Kafasan L3"": {""total"": 0, ""by_type"": {}}}",7
35,5,2026-05-04 17:41:16.915281+02,5,0,0,0,0,0,"{""Kafasan L1"": {""total"": 0, ""by_type"": {}}, ""Kafasan L2"": {""total"": 0, ""by_type"": {}}, ""Kafasan L3"": {""total"": 0, ""by_type"": {}}}",7
36,5,2026-05-04 17:46:17.721571+02,5,0,0,0,0,0,"{""Kafasan L1"": {""total"": 0, ""by_type"": {}}, ""Kafasan L2"": {""total"": 0, ""by_type"": {}}, ""Kafasan L3"": {""total"": 0, ""by_type"": {}}}",0.5
37,5,2026-05-04 17:51:17.854625+02,5,0,0,0,0,0,"{""Kafasan L1"": {""total"": 0, ""by_type"": {}}, ""Kafasan L2"": {""total"": 0, ""by_type"": {}}, ""Kafasan L3"": {""total"": 0, ""by_type"": {}}}",7
38,5,2026-05-04 18:06:39.02838+02,5,1,1,0,0,0,"{""Kafasan L1"": {""total"": 0, ""by_type"": {}}, ""Kafasan L2"": {""total"": 1, ""by_type"": {""car"": 1}}, ""Kafasan L3"": {""total"": 0, ""by_type"": {}}}",0.5
39,5,2026-05-04 18:22:45.864537+02,5,0,0,0,0,0,"{""Kafasan L1"": {""total"": 0, ""by_type"": {}}, ""Kafasan L2"": {""total"": 0, ""by_type"": {}}, ""Kafasan L3"": {""total"": 0, ""by_type"": {}}}",3
40,5,2026-05-04 18:38:10.811708+02,5,0,0,0,0,0,"{""Kafasan L1"": {""total"": 0, ""by_type"": {}}, ""Kafasan L2"": {""total"": 0, ""by_type"": {}}, ""Kafasan L3"": {""total"": 0, ""by_type"": {}}}",0.5
41,5,2026-05-04 18:54:11.895679+02,5,0,0,0,0,0,"{""Kafasan L1"": {""total"": 0, ""by_type"": {}}, ""Kafasan L2"": {""total"": 0, ""by_type"": {}}, ""Kafasan L3"": {""total"": 0, ""by_type"": {}}}",0.5
42,5,2026-05-04 19:09:59.861382+02,5,0,0,0,0,0,"{""Kafasan L1"": {""total"": 0, ""by_type"": {}}, ""Kafasan L2"": {""total"": 0, ""by_type"": {}}, ""Kafasan L3"": {""total"": 0, ""by_type"": {}}}",3
43,5,2026-05-04 19:25:43.731281+02,5,0,0,0,0,0,"{""Kafasan L1"": {""total"": 0, ""by_type"": {}}, ""Kafasan L2"": {""total"": 0, ""by_type"": {}}, ""Kafasan L3"": {""total"": 0, ""by_type"": {}}}",0.5
44,5,2026-05-04 19:41:28.805671+02,5,0,0,0,0,0,"{""Kafasan L1"": {""total"": 0, ""by_type"": {}}, ""Kafasan L2"": {""total"": 0, ""by_type"": {}}, ""Kafasan L3"": {""total"": 0, ""by_type"": {}}}",0.5
45,5,2026-05-04 19:52:35.785833+02,5,0,0,0,0,0,"{""Kafasan L1"": {""total"": 0, ""by_type"": {}}, ""Kafasan L2"": {""total"": 0, ""by_type"": {}}, ""Kafasan L3"": {""total"": 0, ""by_type"": {}}}",3
46,5,2026-05-04 20:01:54.402842+02,5,0,0,0,0,0,"{""Kafasan L1"": {""total"": 0, ""by_type"": {}}, ""Kafasan L2"": {""total"": 0, ""by_type"": {}}, ""Kafasan L3"": {""total"": 0, ""by_type"": {}}}",0.5
47,5,2026-05-04 20:07:23.220305+02,5,0,0,0,0,0,"{""Kafasan L1"": {""total"": 0, ""by_type"": {}}, ""Kafasan L2"": {""total"": 0, ""by_type"": {}}, ""Kafasan L3"": {""total"": 0, ""by_type"": {}}}",7.5
48,5,2026-05-04 20:23:08.906129+02,5,0,0,0,0,0,"{""Kafasan L1"": {""total"": 0, ""by_type"": {}}, ""Kafasan L2"": {""total"": 0, ""by_type"": {}}, ""Kafasan L3"": {""total"": 0, ""by_type"": {}}}",5.5
49,5,2026-05-04 20:38:52.759306+02,5,0,0,0,0,0,"{""Kafasan L1"": {""total"": 0, ""by_type"": {}}, ""Kafasan L2"": {""total"": 0, ""by_type"": {}}, ""Kafasan L3"": {""total"": 0, ""by_type"": {}}}",0.5
50,5,2026-05-04 20:53:33.647184+02,5,0,0,0,0,0,"{""Kafasan L1"": {""total"": 0, ""by_type"": {}}, ""Kafasan L2"": {""total"": 0, ""by_type"": {}}, ""Kafasan L3"": {""total"": 0, ""by_type"": {}}}",0.5
51,5,2026-05-04 21:09:19.839981+02,5,0,0,0,0,0,"{""Kafasan L1"": {""total"": 0, ""by_type"": {}}, ""Kafasan L2"": {""total"": 0, ""by_type"": {}}, ""Kafasan L3"": {""total"": 0, ""by_type"": {}}}",0.5
52,5,2026-05-04 21:25:04.755714+02,5,0,0,0,0,0,"{""Kafasan L1"": {""total"": 0, ""by_type"": {}}, ""Kafasan L2"": {""total"": 0, ""by_type"": {}}, ""Kafasan L3"": {""total"": 0, ""by_type"": {}}}",0.5
53,5,2026-05-04 21:40:50.719401+02,5,0,0,0,0,0,"{""Kafasan L1"": {""total"": 0, ""by_type"": {}}, ""Kafasan L2"": {""total"": 0, ""by_type"": {}}, ""Kafasan L3"": {""total"": 0, ""by_type"": {}}}",0.5
54,5,2026-05-04 21:54:33.839157+02,5,0,0,0,0,0,"{""Kafasan L1"": {""total"": 0, ""by_type"": {}}, ""Kafasan L2"": {""total"": 0, ""by_type"": {}}, ""Kafasan L3"": {""total"": 0, ""by_type"": {}}}",0.5
55,5,2026-05-04 22:10:19.691016+02,5,0,0,0,0,0,"{""Kafasan L1"": {""total"": 0, ""by_type"": {}}, ""Kafasan L2"": {""total"": 0, ""by_type"": {}}, ""Kafasan L3"": {""total"": 0, ""by_type"": {}}}",0.5
56,5,2026-05-04 22:26:05.651508+02,5,0,0,0,0,0,"{""Kafasan L1"": {""total"": 0, ""by_type"": {}}, ""Kafasan L2"": {""total"": 0, ""by_type"": {}}, ""Kafasan L3"": {""total"": 0, ""by_type"": {}}}",0.5
57,5,2026-05-04 22:42:06.743747+02,5,0,0,0,0,0,"{""Kafasan L1"": {""total"": 0, ""by_type"": {}}, ""Kafasan L2"": {""total"": 0, ""by_type"": {}}, ""Kafasan L3"": {""total"": 0, ""by_type"": {}}}",0.5
58,5,2026-05-04 22:47:06.807638+02,5,0,0,0,0,0,"{""Kafasan L1"": {""total"": 0, ""by_type"": {}}, ""Kafasan L2"": {""total"": 0, ""by_type"": {}}, ""Kafasan L3"": {""total"": 0, ""by_type"": {}}}",7
59,5,2026-05-04 22:55:33.594925+02,5,0,0,0,0,0,"{""Kafasan L1"": {""total"": 0, ""by_type"": {}}, ""Kafasan L2"": {""total"": 0, ""by_type"": {}}, ""Kafasan L3"": {""total"": 0, ""by_type"": {}}}",0.5
60,5,2026-05-04 23:11:19.668365+02,5,0,0,0,0,0,"{""Kafasan L1"": {""total"": 0, ""by_type"": {}}, ""Kafasan L2"": {""total"": 0, ""by_type"": {}}, ""Kafasan L3"": {""total"": 0, ""by_type"": {}}}",0.5
61,5,2026-05-04 23:27:04.542104+02,5,0,0,0,0,0,"{""Kafasan L1"": {""total"": 0, ""by_type"": {}}, ""Kafasan L2"": {""total"": 0, ""by_type"": {}}, ""Kafasan L3"": {""total"": 0, ""by_type"": {}}}",0.5
62,5,2026-05-04 23:42:51.69616+02,5,0,0,0,0,0,"{""Kafasan L1"": {""total"": 0, ""by_type"": {}}, ""Kafasan L2"": {""total"": 0, ""by_type"": {}}, ""Kafasan L3"": {""total"": 0, ""by_type"": {}}}",0.5
63,5,2026-05-04 23:56:33.667977+02,5,0,0,0,0,0,"{""Kafasan L1"": {""total"": 0, ""by_type"": {}}, ""Kafasan L2"": {""total"": 0, ""by_type"": {}}, ""Kafasan L3"": {""total"": 0, ""by_type"": {}}}",0.5
64,5,2026-05-05 00:14:33.677873+02,5,0,0,0,0,0,"{""Kafasan L1"": {""total"": 0, ""by_type"": {}}, ""Kafasan L2"": {""total"": 0, ""by_type"": {}}, ""Kafasan L3"": {""total"": 0, ""by_type"": {}}}",0.5
65,5,2026-05-05 00:30:20.599215+02,5,0,0,0,0,0,"{""Kafasan L1"": {""total"": 0, ""by_type"": {}}, ""Kafasan L2"": {""total"": 0, ""by_type"": {}}, ""Kafasan L3"": {""total"": 0, ""by_type"": {}}}",2.5
66,5,2026-05-05 00:47:41.45416+02,5,0,0,0,0,0,"{""Kafasan L1"": {""total"": 0, ""by_type"": {}}, ""Kafasan L2"": {""total"": 0, ""by_type"": {}}, ""Kafasan L3"": {""total"": 0, ""by_type"": {}}}",0.5
67,5,2026-05-05 00:57:33.593086+02,5,0,0,0,0,0,"{""Kafasan L1"": {""total"": 0, ""by_type"": {}}, ""Kafasan L2"": {""total"": 0, ""by_type"": {}}, ""Kafasan L3"": {""total"": 0, ""by_type"": {}}}",0.5
68,5,2026-05-05 14:11:45.991334+02,5,0,0,0,0,0,"{""Kafasan L1"": {""total"": 0, ""by_type"": {}}, ""Kafasan L2"": {""total"": 0, ""by_type"": {}}, ""Kafasan L3"": {""total"": 0, ""by_type"": {}}}",7.5
69,5,2026-05-05 14:16:47.627043+02,5,1,0,0,0,1,"{""Kafasan L1"": {""total"": 1, ""by_type"": {""truck"": 1}}, ""Kafasan L2"": {""total"": 0, ""by_type"": {}}, ""Kafasan L3"": {""total"": 0, ""by_type"": {}}}",3
70,5,2026-05-05 14:22:10.967032+02,5,0,0,0,0,0,"{""Kafasan L1"": {""total"": 0, ""by_type"": {}}, ""Kafasan L2"": {""total"": 0, ""by_type"": {}}, ""Kafasan L3"": {""total"": 0, ""by_type"": {}}}",0.5
71,5,2026-05-05 14:28:35.969816+02,5,0,0,0,0,0,"{""Kafasan L1"": {""total"": 0, ""by_type"": {}}, ""Kafasan L2"": {""total"": 0, ""by_type"": {}}, ""Kafasan L3"": {""total"": 0, ""by_type"": {}}}",0.5
72,5,2026-05-05 14:34:22.138589+02,5,0,0,0,0,0,"{""Kafasan L1"": {""total"": 0, ""by_type"": {}}, ""Kafasan L2"": {""total"": 0, ""by_type"": {}}, ""Kafasan L3"": {""total"": 0, ""by_type"": {}}}",0.5
73,5,2026-05-05 14:50:07.660011+02,5,0,0,0,0,0,"{""Kafasan L1"": {""total"": 0, ""by_type"": {}}, ""Kafasan L2"": {""total"": 0, ""by_type"": {}}, ""Kafasan L3"": {""total"": 0, ""by_type"": {}}}",5.5
74,5,2026-05-05 15:05:53.125412+02,5,0,0,0,0,0,"{""Kafasan L1"": {""total"": 0, ""by_type"": {}}, ""Kafasan L2"": {""total"": 0, ""by_type"": {}}, ""Kafasan L3"": {""total"": 0, ""by_type"": {}}}",0.5
75,5,2026-05-05 15:21:53.990238+02,5,0,0,0,0,0,"{""Kafasan L1"": {""total"": 0, ""by_type"": {}}, ""Kafasan L2"": {""total"": 0, ""by_type"": {}}, ""Kafasan L3"": {""total"": 0, ""by_type"": {}}}",0.5
76,5,2026-05-05 15:37:39.895326+02,5,0,0,0,0,0,"{""Kafasan L1"": {""total"": 0, ""by_type"": {}}, ""Kafasan L2"": {""total"": 0, ""by_type"": {}}, ""Kafasan L3"": {""total"": 0, ""by_type"": {}}}",0.5
77,5,2026-05-05 15:53:24.933107+02,5,0,0,0,0,0,"{""Kafasan L1"": {""total"": 0, ""by_type"": {}}, ""Kafasan L2"": {""total"": 0, ""by_type"": {}}, ""Kafasan L3"": {""total"": 0, ""by_type"": {}}}",0.5
78,5,2026-05-05 16:02:55.235021+02,5,0,0,0,0,0,"{""Kafasan L1"": {""total"": 0, ""by_type"": {}}, ""Kafasan L2"": {""total"": 0, ""by_type"": {}}, ""Kafasan L3"": {""total"": 0, ""by_type"": {}}}",0.5
79,5,2026-05-05 16:08:11.4164+02,5,0,0,0,0,0,"{""Kafasan L1"": {""total"": 0, ""by_type"": {}}, ""Kafasan L2"": {""total"": 0, ""by_type"": {}}, ""Kafasan L3"": {""total"": 0, ""by_type"": {}}}",0.5
80,5,2026-05-05 16:13:31.542056+02,5,2,2,0,0,0,"{""Kafasan L1"": {""total"": 0, ""by_type"": {}}, ""Kafasan L2"": {""total"": 1, ""by_type"": {""car"": 1}}, ""Kafasan L3"": {""total"": 1, ""by_type"": {""car"": 1}}}",0.5
81,5,2026-05-05 16:18:31.647672+02,5,0,0,0,0,0,"{""Kafasan L1"": {""total"": 0, ""by_type"": {}}, ""Kafasan L2"": {""total"": 0, ""by_type"": {}}, ""Kafasan L3"": {""total"": 0, ""by_type"": {}}}",7.5
82,5,2026-05-05 16:23:31.747372+02,5,0,0,0,0,0,"{""Kafasan L1"": {""total"": 0, ""by_type"": {}}, ""Kafasan L2"": {""total"": 0, ""by_type"": {}}, ""Kafasan L3"": {""total"": 0, ""by_type"": {}}}",7.5
83,5,2026-05-05 16:28:31.847722+02,5,0,0,0,0,0,"{""Kafasan L1"": {""total"": 0, ""by_type"": {}}, ""Kafasan L2"": {""total"": 0, ""by_type"": {}}, ""Kafasan L3"": {""total"": 0, ""by_type"": {}}}",7
84,5,2026-05-05 16:33:33.132138+02,5,0,0,0,0,0,"{""Kafasan L1"": {""total"": 0, ""by_type"": {}}, ""Kafasan L2"": {""total"": 0, ""by_type"": {}}, ""Kafasan L3"": {""total"": 0, ""by_type"": {}}}",0.5
85,5,2026-05-05 16:38:33.238529+02,5,0,0,0,0,0,"{""Kafasan L1"": {""total"": 0, ""by_type"": {}}, ""Kafasan L2"": {""total"": 0, ""by_type"": {}}, ""Kafasan L3"": {""total"": 0, ""by_type"": {}}}",7.5
86,5,2026-05-05 16:43:55.992591+02,5,0,0,0,0,0,"{""Kafasan L1"": {""total"": 0, ""by_type"": {}}, ""Kafasan L2"": {""total"": 0, ""by_type"": {}}, ""Kafasan L3"": {""total"": 0, ""by_type"": {}}}",0.5
87,5,2026-05-05 16:48:56.034933+02,5,0,0,0,0,0,"{""Kafasan L1"": {""total"": 0, ""by_type"": {}}, ""Kafasan L2"": {""total"": 0, ""by_type"": {}}, ""Kafasan L3"": {""total"": 0, ""by_type"": {}}}",7
88,5,2026-05-05 16:54:21.325467+02,5,0,0,0,0,0,"{""Kafasan L1"": {""total"": 0, ""by_type"": {}}, ""Kafasan L2"": {""total"": 0, ""by_type"": {}}, ""Kafasan L3"": {""total"": 0, ""by_type"": {}}}",0.5
89,5,2026-05-05 16:59:21.440945+02,5,0,0,0,0,0,"{""Kafasan L1"": {""total"": 0, ""by_type"": {}}, ""Kafasan L2"": {""total"": 0, ""by_type"": {}}, ""Kafasan L3"": {""total"": 0, ""by_type"": {}}}",7
90,5,2026-05-05 17:04:21.500414+02,5,0,0,0,0,0,"{""Kafasan L1"": {""total"": 0, ""by_type"": {}}, ""Kafasan L2"": {""total"": 0, ""by_type"": {}}, ""Kafasan L3"": {""total"": 0, ""by_type"": {}}}",7
91,5,2026-05-05 17:09:26.518029+02,5,1,1,0,0,0,"{""Kafasan L1"": {""total"": 0, ""by_type"": {}}, ""Kafasan L2"": {""total"": 1, ""by_type"": {""car"": 1}}, ""Kafasan L3"": {""total"": 0, ""by_type"": {}}}",0.5
92,5,2026-05-05 17:37:19.658596+02,5,0,0,0,0,0,"{""Kafasan L1"": {""total"": 0, ""by_type"": {}}, ""Kafasan L2"": {""total"": 0, ""by_type"": {}}, ""Kafasan L3"": {""total"": 0, ""by_type"": {}}}",7.5
93,5,2026-05-05 17:42:19.722537+02,5,0,0,0,0,0,"{""Kafasan L1"": {""total"": 0, ""by_type"": {}}, ""Kafasan L2"": {""total"": 0, ""by_type"": {}}, ""Kafasan L3"": {""total"": 0, ""by_type"": {}}}",7.5
94,5,2026-05-05 17:47:19.780106+02,5,0,0,0,0,0,"{""Kafasan L1"": {""total"": 0, ""by_type"": {}}, ""Kafasan L2"": {""total"": 0, ""by_type"": {}}, ""Kafasan L3"": {""total"": 0, ""by_type"": {}}}",7
95,5,2026-05-05 17:52:19.889477+02,5,0,0,0,0,0,"{""Kafasan L1"": {""total"": 0, ""by_type"": {}}, ""Kafasan L2"": {""total"": 0, ""by_type"": {}}, ""Kafasan L3"": {""total"": 0, ""by_type"": {}}}",7
96,5,2026-05-05 17:57:19.919998+02,5,0,0,0,0,0,"{""Kafasan L1"": {""total"": 0, ""by_type"": {}}, ""Kafasan L2"": {""total"": 0, ""by_type"": {}}, ""Kafasan L3"": {""total"": 0, ""by_type"": {}}}",7.5
97,5,2026-05-05 18:02:20.014647+02,5,0,0,0,0,0,"{""Kafasan L1"": {""total"": 0, ""by_type"": {}}, ""Kafasan L2"": {""total"": 0, ""by_type"": {}}, ""Kafasan L3"": {""total"": 0, ""by_type"": {}}}",6.5
98,5,2026-05-05 18:07:27.337587+02,5,0,0,0,0,0,"{""Kafasan L1"": {""total"": 0, ""by_type"": {}}, ""Kafasan L2"": {""total"": 0, ""by_type"": {}}, ""Kafasan L3"": {""total"": 0, ""by_type"": {}}}",0.5
99,5,2026-05-05 18:12:27.394809+02,5,0,0,0,0,0,"{""Kafasan L1"": {""total"": 0, ""by_type"": {}}, ""Kafasan L2"": {""total"": 0, ""by_type"": {}}, ""Kafasan L3"": {""total"": 0, ""by_type"": {}}}",7
100,5,2026-05-05 18:17:27.533723+02,5,0,0,0,0,0,"{""Kafasan L1"": {""total"": 0, ""by_type"": {}}, ""Kafasan L2"": {""total"": 0, ""by_type"": {}}, ""Kafasan L3"": {""total"": 0, ""by_type"": {}}}",6
101,5,2026-05-05 18:22:27.705106+02,5,0,0,0,0,0,"{""Kafasan L1"": {""total"": 0, ""by_type"": {}}, ""Kafasan L2"": {""total"": 0, ""by_type"": {}}, ""Kafasan L3"": {""total"": 0, ""by_type"": {}}}",5.5
102,5,2026-05-05 18:27:27.74614+02,5,0,0,0,0,0,"{""Kafasan L1"": {""total"": 0, ""by_type"": {}}, ""Kafasan L2"": {""total"": 0, ""by_type"": {}}, ""Kafasan L3"": {""total"": 0, ""by_type"": {}}}",7
103,5,2026-05-05 18:45:37.922576+02,5,0,0,0,0,0,"{""Kafasan L1"": {""total"": 0, ""by_type"": {}}, ""Kafasan L2"": {""total"": 0, ""by_type"": {}}, ""Kafasan L3"": {""total"": 0, ""by_type"": {}}}",6.5
104,5,2026-05-05 18:50:37.929857+02,5,0,0,0,0,0,"{""Kafasan L1"": {""total"": 0, ""by_type"": {}}, ""Kafasan L2"": {""total"": 0, ""by_type"": {}}, ""Kafasan L3"": {""total"": 0, ""by_type"": {}}}",7
105,5,2026-05-05 18:55:38.03984+02,5,0,0,0,0,0,"{""Kafasan L1"": {""total"": 0, ""by_type"": {}}, ""Kafasan L2"": {""total"": 0, ""by_type"": {}}, ""Kafasan L3"": {""total"": 0, ""by_type"": {}}}",7
106,5,2026-05-05 19:00:38.107235+02,5,0,0,0,0,0,"{""Kafasan L1"": {""total"": 0, ""by_type"": {}}, ""Kafasan L2"": {""total"": 0, ""by_type"": {}}, ""Kafasan L3"": {""total"": 0, ""by_type"": {}}}",7
107,5,2026-05-05 19:05:45.663214+02,5,0,0,0,0,0,"{""Kafasan L1"": {""total"": 0, ""by_type"": {}}, ""Kafasan L2"": {""total"": 0, ""by_type"": {}}, ""Kafasan L3"": {""total"": 0, ""by_type"": {}}}",0.5
108,5,2026-05-05 19:10:47.403337+02,5,0,0,0,0,0,"{""Kafasan L1"": {""total"": 0, ""by_type"": {}}, ""Kafasan L2"": {""total"": 0, ""by_type"": {}}, ""Kafasan L3"": {""total"": 0, ""by_type"": {}}}",0.5
109,5,2026-05-05 19:15:54.173581+02,5,0,0,0,0,0,"{""Kafasan L1"": {""total"": 0, ""by_type"": {}}, ""Kafasan L2"": {""total"": 0, ""by_type"": {}}, ""Kafasan L3"": {""total"": 0, ""by_type"": {}}}",0.5
110,5,2026-05-05 19:20:54.305388+02,5,0,0,0,0,0,"{""Kafasan L1"": {""total"": 0, ""by_type"": {}}, ""Kafasan L2"": {""total"": 0, ""by_type"": {}}, ""Kafasan L3"": {""total"": 0, ""by_type"": {}}}",7
111,5,2026-05-05 19:25:54.337777+02,5,0,0,0,0,0,"{""Kafasan L1"": {""total"": 0, ""by_type"": {}}, ""Kafasan L2"": {""total"": 0, ""by_type"": {}}, ""Kafasan L3"": {""total"": 0, ""by_type"": {}}}",7
112,5,2026-05-05 19:36:55.670779+02,5,0,0,0,0,0,"{""Kafasan L1"": {""total"": 0, ""by_type"": {}}, ""Kafasan L2"": {""total"": 0, ""by_type"": {}}, ""Kafasan L3"": {""total"": 0, ""by_type"": {}}}",0.5
113,5,2026-05-05 19:55:35.967434+02,5,0,0,0,0,0,"{""Kafasan L1"": {""total"": 0, ""by_type"": {}}, ""Kafasan L2"": {""total"": 0, ""by_type"": {}}, ""Kafasan L3"": {""total"": 0, ""by_type"": {}}}",0.5
114,5,2026-05-05 20:00:36.087917+02,5,0,0,0,0,0,"{""Kafasan L1"": {""total"": 0, ""by_type"": {}}, ""Kafasan L2"": {""total"": 0, ""by_type"": {}}, ""Kafasan L3"": {""total"": 0, ""by_type"": {}}}",7
115,5,2026-05-05 20:05:43.142448+02,5,0,0,0,0,0,"{""Kafasan L1"": {""total"": 0, ""by_type"": {}}, ""Kafasan L2"": {""total"": 0, ""by_type"": {}}, ""Kafasan L3"": {""total"": 0, ""by_type"": {}}}",0.5
116,5,2026-05-05 20:07:41.915459+02,5,0,0,0,0,0,"{""Kafasan L1"": {""total"": 0, ""by_type"": {}}, ""Kafasan L2"": {""total"": 0, ""by_type"": {}}, ""Kafasan L3"": {""total"": 0, ""by_type"": {}}}",7
117,5,2026-05-05 20:07:53.517279+02,5,0,0,0,0,0,"{""Kafasan L1"": {""total"": 0, ""by_type"": {}}, ""Kafasan L2"": {""total"": 0, ""by_type"": {}}, ""Kafasan L3"": {""total"": 0, ""by_type"": {}}}",6.5
118,5,2026-05-05 20:15:04.03997+02,5,0,0,0,0,0,"{""Kafasan L1"": {""total"": 0, ""by_type"": {}}, ""Kafasan L2"": {""total"": 0, ""by_type"": {}}, ""Kafasan L3"": {""total"": 0, ""by_type"": {}}}",6
119,5,2026-05-05 20:20:04.182698+02,5,0,0,0,0,0,"{""Kafasan L1"": {""total"": 0, ""by_type"": {}}, ""Kafasan L2"": {""total"": 0, ""by_type"": {}}, ""Kafasan L3"": {""total"": 0, ""by_type"": {}}}",7
120,5,2026-05-05 20:25:10.155476+02,5,0,0,0,0,0,"{""Kafasan L1"": {""total"": 0, ""by_type"": {}}, ""Kafasan L2"": {""total"": 0, ""by_type"": {}}, ""Kafasan L3"": {""total"": 0, ""by_type"": {}}}",0.5
121,5,2026-05-05 20:30:10.175237+02,5,0,0,0,0,0,"{""Kafasan L1"": {""total"": 0, ""by_type"": {}}, ""Kafasan L2"": {""total"": 0, ""by_type"": {}}, ""Kafasan L3"": {""total"": 0, ""by_type"": {}}}",5.5
122,5,2026-05-05 20:35:28.133871+02,5,0,0,0,0,0,"{""Kafasan L1"": {""total"": 0, ""by_type"": {}}, ""Kafasan L2"": {""total"": 0, ""by_type"": {}}, ""Kafasan L3"": {""total"": 0, ""by_type"": {}}}",0.5
123,5,2026-05-05 20:40:28.175888+02,5,0,0,0,0,0,"{""Kafasan L1"": {""total"": 0, ""by_type"": {}}, ""Kafasan L2"": {""total"": 0, ""by_type"": {}}, ""Kafasan L3"": {""total"": 0, ""by_type"": {}}}",5.5
124,5,2026-05-05 20:45:31.968168+02,5,0,0,0,0,0,"{""Kafasan L1"": {""total"": 0, ""by_type"": {}}, ""Kafasan L2"": {""total"": 0, ""by_type"": {}}, ""Kafasan L3"": {""total"": 0, ""by_type"": {}}}",0.5
125,5,2026-05-05 20:50:32.095368+02,5,0,0,0,0,0,"{""Kafasan L1"": {""total"": 0, ""by_type"": {}}, ""Kafasan L2"": {""total"": 0, ""by_type"": {}}, ""Kafasan L3"": {""total"": 0, ""by_type"": {}}}",6.5
126,5,2026-05-05 20:53:00.540063+02,5,0,0,0,0,0,"{""Kafasan L1"": {""total"": 0, ""by_type"": {}}, ""Kafasan L2"": {""total"": 0, ""by_type"": {}}, ""Kafasan L3"": {""total"": 0, ""by_type"": {}}}",7
127,5,2026-05-05 20:58:00.614672+02,5,0,0,0,0,0,"{""Kafasan L1"": {""total"": 0, ""by_type"": {}}, ""Kafasan L2"": {""total"": 0, ""by_type"": {}}, ""Kafasan L3"": {""total"": 0, ""by_type"": {}}}",7
128,5,2026-05-05 21:03:00.66721+02,5,0,0,0,0,0,"{""Kafasan L1"": {""total"": 0, ""by_type"": {}}, ""Kafasan L2"": {""total"": 0, ""by_type"": {}}, ""Kafasan L3"": {""total"": 0, ""by_type"": {}}}",7
129,5,2026-05-05 21:08:13.243235+02,5,0,0,0,0,0,"{""Kafasan L1"": {""total"": 0, ""by_type"": {}}, ""Kafasan L2"": {""total"": 0, ""by_type"": {}}, ""Kafasan L3"": {""total"": 0, ""by_type"": {}}}",0.5
130,5,2026-05-06 15:57:59.755163+02,5,1,0,0,0,1,"{""Kafasan L1"": {""total"": 1, ""by_type"": {""truck"": 1}}, ""Kafasan L2"": {""total"": 0, ""by_type"": {}}, ""Kafasan L3"": {""total"": 0, ""by_type"": {}}}",0.5
131,5,2026-05-06 16:03:27.301013+02,5,2,1,0,0,1,"{""Kafasan L1"": {""total"": 1, ""by_type"": {""truck"": 1}}, ""Kafasan L2"": {""total"": 0, ""by_type"": {}}, ""Kafasan L3"": {""total"": 1, ""by_type"": {""car"": 1}}}",0.5
132,5,2026-05-06 16:05:40.807937+02,5,0,0,0,0,0,"{""Kafasan L1"": {""total"": 0, ""by_type"": {}}, ""Kafasan L2"": {""total"": 0, ""by_type"": {}}, ""Kafasan L3"": {""total"": 0, ""by_type"": {}}}",6
133,5,2026-05-06 16:24:11.252938+02,5,0,0,0,0,0,"{""Kafasan L1"": {""total"": 0, ""by_type"": {}}, ""Kafasan L2"": {""total"": 0, ""by_type"": {}}, ""Kafasan L3"": {""total"": 0, ""by_type"": {}}}",0.5
134,5,2026-05-06 16:40:34.357742+02,5,0,0,0,0,0,"{""Kafasan L1"": {""total"": 0, ""by_type"": {}}, ""Kafasan L2"": {""total"": 0, ""by_type"": {}}, ""Kafasan L3"": {""total"": 0, ""by_type"": {}}}",0.5
135,5,2026-05-06 16:56:12.245935+02,5,0,0,0,0,0,"{""Kafasan L1"": {""total"": 0, ""by_type"": {}}, ""Kafasan L2"": {""total"": 0, ""by_type"": {}}, ""Kafasan L3"": {""total"": 0, ""by_type"": {}}}",0.5
136,5,2026-05-06 17:01:17.27444+02,5,1,0,0,0,1,"{""Kafasan L1"": {""total"": 1, ""by_type"": {""truck"": 1}}, ""Kafasan L2"": {""total"": 0, ""by_type"": {}}, ""Kafasan L3"": {""total"": 0, ""by_type"": {}}}",0.5
137,5,2026-05-06 17:06:17.313046+02,5,0,0,0,0,0,"{""Kafasan L1"": {""total"": 0, ""by_type"": {}}, ""Kafasan L2"": {""total"": 0, ""by_type"": {}}, ""Kafasan L3"": {""total"": 0, ""by_type"": {}}}",7
138,5,2026-05-06 17:11:17.380858+02,5,1,1,0,0,0,"{""Kafasan L1"": {""total"": 1, ""by_type"": {""car"": 1}}, ""Kafasan L2"": {""total"": 0, ""by_type"": {}}, ""Kafasan L3"": {""total"": 0, ""by_type"": {}}}",7
139,5,2026-05-06 17:16:17.467904+02,5,1,0,0,0,1,"{""Kafasan L1"": {""total"": 1, ""by_type"": {""truck"": 1}}, ""Kafasan L2"": {""total"": 0, ""by_type"": {}}, ""Kafasan L3"": {""total"": 0, ""by_type"": {}}}",7
140,5,2026-05-06 17:21:17.563473+02,5,0,0,0,0,0,"{""Kafasan L1"": {""total"": 0, ""by_type"": {}}, ""Kafasan L2"": {""total"": 0, ""by_type"": {}}, ""Kafasan L3"": {""total"": 0, ""by_type"": {}}}",7
141,5,2026-05-06 17:30:59.857227+02,5,0,0,0,0,0,"{""Kafasan L1"": {""total"": 0, ""by_type"": {}}, ""Kafasan L2"": {""total"": 0, ""by_type"": {}}, ""Kafasan L3"": {""total"": 0, ""by_type"": {}}}",0.5
142,5,2026-05-06 17:36:55.167829+02,5,0,0,0,0,0,"{""Kafasan L1"": {""total"": 0, ""by_type"": {}}, ""Kafasan L2"": {""total"": 0, ""by_type"": {}}, ""Kafasan L3"": {""total"": 0, ""by_type"": {}}}",7.5
143,5,2026-05-06 17:41:55.227339+02,5,0,0,0,0,0,"{""Kafasan L1"": {""total"": 0, ""by_type"": {}}, ""Kafasan L2"": {""total"": 0, ""by_type"": {}}, ""Kafasan L3"": {""total"": 0, ""by_type"": {}}}",7.5
144,5,2026-05-06 17:47:09.00653+02,5,1,1,0,0,0,"{""Kafasan L1"": {""total"": 0, ""by_type"": {}}, ""Kafasan L2"": {""total"": 1, ""by_type"": {""car"": 1}}, ""Kafasan L3"": {""total"": 0, ""by_type"": {}}}",0.5
145,5,2026-05-06 17:52:09.008906+02,5,1,0,0,0,1,"{""Kafasan L1"": {""total"": 1, ""by_type"": {""truck"": 1}}, ""Kafasan L2"": {""total"": 0, ""by_type"": {}}, ""Kafasan L3"": {""total"": 0, ""by_type"": {}}}",7
146,5,2026-05-06 17:57:09.049344+02,5,3,0,0,0,3,"{""Kafasan L1"": {""total"": 1, ""by_type"": {""truck"": 1}}, ""Kafasan L2"": {""total"": 2, ""by_type"": {""truck"": 2}}, ""Kafasan L3"": {""total"": 0, ""by_type"": {}}}",7
147,5,2026-05-06 18:02:09.193652+02,5,3,0,0,0,3,"{""Kafasan L1"": {""total"": 1, ""by_type"": {""truck"": 1}}, ""Kafasan L2"": {""total"": 2, ""by_type"": {""truck"": 2}}, ""Kafasan L3"": {""total"": 0, ""by_type"": {}}}",3.5
148,5,2026-05-06 18:07:31.205497+02,5,3,0,0,0,3,"{""Kafasan L1"": {""total"": 1, ""by_type"": {""truck"": 1}}, ""Kafasan L2"": {""total"": 2, ""by_type"": {""truck"": 2}}, ""Kafasan L3"": {""total"": 0, ""by_type"": {}}}",0.5
149,5,2026-05-06 18:12:31.277571+02,5,3,0,0,0,3,"{""Kafasan L1"": {""total"": 1, ""by_type"": {""truck"": 1}}, ""Kafasan L2"": {""total"": 2, ""by_type"": {""truck"": 2}}, ""Kafasan L3"": {""total"": 0, ""by_type"": {}}}",7
150,5,2026-05-06 18:17:33.454802+02,5,3,0,0,0,3,"{""Kafasan L1"": {""total"": 1, ""by_type"": {""truck"": 1}}, ""Kafasan L2"": {""total"": 2, ""by_type"": {""truck"": 2}}, ""Kafasan L3"": {""total"": 0, ""by_type"": {}}}",0.5
151,5,2026-05-06 18:22:48.3753+02,5,3,0,0,0,3,"{""Kafasan L1"": {""total"": 1, ""by_type"": {""truck"": 1}}, ""Kafasan L2"": {""total"": 2, ""by_type"": {""truck"": 2}}, ""Kafasan L3"": {""total"": 0, ""by_type"": {}}}",0.5
152,5,2026-05-06 18:27:49.04087+02,5,2,0,0,0,2,"{""Kafasan L1"": {""total"": 0, ""by_type"": {}}, ""Kafasan L2"": {""total"": 2, ""by_type"": {""truck"": 2}}, ""Kafasan L3"": {""total"": 0, ""by_type"": {}}}",0.5
153,5,2026-05-06 18:32:49.059974+02,5,2,0,0,0,2,"{""Kafasan L1"": {""total"": 0, ""by_type"": {}}, ""Kafasan L2"": {""total"": 2, ""by_type"": {""truck"": 2}}, ""Kafasan L3"": {""total"": 0, ""by_type"": {}}}",7
154,5,2026-05-06 18:37:49.121367+02,5,2,0,0,0,2,"{""Kafasan L1"": {""total"": 1, ""by_type"": {""truck"": 1}}, ""Kafasan L2"": {""total"": 1, ""by_type"": {""truck"": 1}}, ""Kafasan L3"": {""total"": 0, ""by_type"": {}}}",6.5
155,5,2026-05-06 18:56:57.306234+02,5,0,0,0,0,0,"{""Kafasan L1"": {""total"": 0, ""by_type"": {}}, ""Kafasan L2"": {""total"": 0, ""by_type"": {}}, ""Kafasan L3"": {""total"": 0, ""by_type"": {}}}",0.5
156,5,2026-05-06 19:10:00.177093+02,5,0,0,0,0,0,"{""Kafasan L1"": {""total"": 0, ""by_type"": {}}, ""Kafasan L2"": {""total"": 0, ""by_type"": {}}, ""Kafasan L3"": {""total"": 0, ""by_type"": {}}}",3
157,5,2026-05-06 19:16:46.165781+02,5,0,0,0,0,0,"{""Kafasan L1"": {""total"": 0, ""by_type"": {}}, ""Kafasan L2"": {""total"": 0, ""by_type"": {}}, ""Kafasan L3"": {""total"": 0, ""by_type"": {}}}",0.5
158,5,2026-05-06 19:28:05.86465+02,5,0,0,0,0,0,"{""Kafasan L1"": {""total"": 0, ""by_type"": {}}, ""Kafasan L2"": {""total"": 0, ""by_type"": {}}, ""Kafasan L3"": {""total"": 0, ""by_type"": {}}}",0.5
159,5,2026-05-06 19:28:41.906+02,5,0,0,0,0,0,"{""Kafasan L1"": {""total"": 0, ""by_type"": {}}, ""Kafasan L2"": {""total"": 0, ""by_type"": {}}, ""Kafasan L3"": {""total"": 0, ""by_type"": {}}}",6.5
160,5,2026-05-06 20:13:00.98378+02,5,0,0,0,0,0,"{""Kafasan L1"": {""total"": 0, ""by_type"": {}}, ""Kafasan L2"": {""total"": 0, ""by_type"": {}}, ""Kafasan L3"": {""total"": 0, ""by_type"": {}}}",7
161,5,2026-05-06 20:18:00.998014+02,5,0,0,0,0,0,"{""Kafasan L1"": {""total"": 0, ""by_type"": {}}, ""Kafasan L2"": {""total"": 0, ""by_type"": {}}, ""Kafasan L3"": {""total"": 0, ""by_type"": {}}}",7
162,5,2026-05-06 20:25:06.165252+02,5,0,0,0,0,0,"{""Kafasan L1"": {""total"": 0, ""by_type"": {}}, ""Kafasan L2"": {""total"": 0, ""by_type"": {}}, ""Kafasan L3"": {""total"": 0, ""by_type"": {}}}",7.5
163,5,2026-05-06 20:30:06.257116+02,5,0,0,0,0,0,"{""Kafasan L1"": {""total"": 0, ""by_type"": {}}, ""Kafasan L2"": {""total"": 0, ""by_type"": {}}, ""Kafasan L3"": {""total"": 0, ""by_type"": {}}}",7
164,5,2026-05-06 20:35:06.312115+02,5,0,0,0,0,0,"{""Kafasan L1"": {""total"": 0, ""by_type"": {}}, ""Kafasan L2"": {""total"": 0, ""by_type"": {}}, ""Kafasan L3"": {""total"": 0, ""by_type"": {}}}",7.5
165,5,2026-05-06 20:40:06.422476+02,5,0,0,0,0,0,"{""Kafasan L1"": {""total"": 0, ""by_type"": {}}, ""Kafasan L2"": {""total"": 0, ""by_type"": {}}, ""Kafasan L3"": {""total"": 0, ""by_type"": {}}}",7
166,5,2026-05-06 20:43:43.905619+02,5,0,0,0,0,0,"{""Kafasan L1"": {""total"": 0, ""by_type"": {}}, ""Kafasan L2"": {""total"": 0, ""by_type"": {}}, ""Kafasan L3"": {""total"": 0, ""by_type"": {}}}",7
167,5,2026-05-06 20:43:53.000978+02,5,0,0,0,0,0,"{""Kafasan L1"": {""total"": 0, ""by_type"": {}}, ""Kafasan L2"": {""total"": 0, ""by_type"": {}}, ""Kafasan L3"": {""total"": 0, ""by_type"": {}}}",7
168,5,2026-05-06 20:52:45.947846+02,5,0,0,0,0,0,"{""Kafasan L1"": {""total"": 0, ""by_type"": {}}, ""Kafasan L2"": {""total"": 0, ""by_type"": {}}, ""Kafasan L3"": {""total"": 0, ""by_type"": {}}}",7
169,5,2026-05-06 20:57:46.015873+02,5,0,0,0,0,0,"{""Kafasan L1"": {""total"": 0, ""by_type"": {}}, ""Kafasan L2"": {""total"": 0, ""by_type"": {}}, ""Kafasan L3"": {""total"": 0, ""by_type"": {}}}",5
170,5,2026-05-06 21:02:46.084341+02,5,1,1,0,0,0,"{""Kafasan L1"": {""total"": 0, ""by_type"": {}}, ""Kafasan L2"": {""total"": 1, ""by_type"": {""car"": 1}}, ""Kafasan L3"": {""total"": 0, ""by_type"": {}}}",7
171,5,2026-05-06 21:08:16.578443+02,5,0,0,0,0,0,"{""Kafasan L1"": {""total"": 0, ""by_type"": {}}, ""Kafasan L2"": {""total"": 0, ""by_type"": {}}, ""Kafasan L3"": {""total"": 0, ""by_type"": {}}}",0.5
172,5,2026-05-06 21:09:28.820631+02,5,0,0,0,0,0,"{""Kafasan L1"": {""total"": 0, ""by_type"": {}}, ""Kafasan L2"": {""total"": 0, ""by_type"": {}}, ""Kafasan L3"": {""total"": 0, ""by_type"": {}}}",7
173,5,2026-05-07 13:03:06.134635+02,5,0,0,0,0,0,"{""Kafasan L1"": {""total"": 0, ""by_type"": {}}, ""Kafasan L2"": {""total"": 0, ""by_type"": {}}, ""Kafasan L3"": {""total"": 0, ""by_type"": {}}}",7
174,5,2026-05-07 13:08:24.054171+02,5,0,0,0,0,0,"{""Kafasan L1"": {""total"": 0, ""by_type"": {}}, ""Kafasan L2"": {""total"": 0, ""by_type"": {}}, ""Kafasan L3"": {""total"": 0, ""by_type"": {}}}",0.5
175,5,2026-05-07 13:13:24.167126+02,5,0,0,0,0,0,"{""Kafasan L1"": {""total"": 0, ""by_type"": {}}, ""Kafasan L2"": {""total"": 0, ""by_type"": {}}, ""Kafasan L3"": {""total"": 0, ""by_type"": {}}}",6.5
176,5,2026-05-07 13:18:41.070592+02,5,0,0,0,0,0,"{""Kafasan L1"": {""total"": 0, ""by_type"": {}}, ""Kafasan L2"": {""total"": 0, ""by_type"": {}}, ""Kafasan L3"": {""total"": 0, ""by_type"": {}}}",0.5
177,5,2026-05-07 13:23:41.112912+02,5,0,0,0,0,0,"{""Kafasan L1"": {""total"": 0, ""by_type"": {}}, ""Kafasan L2"": {""total"": 0, ""by_type"": {}}, ""Kafasan L3"": {""total"": 0, ""by_type"": {}}}",2
178,5,2026-05-07 13:28:41.701793+02,5,0,0,0,0,0,"{""Kafasan L1"": {""total"": 0, ""by_type"": {}}, ""Kafasan L2"": {""total"": 0, ""by_type"": {}}, ""Kafasan L3"": {""total"": 0, ""by_type"": {}}}",2.5
179,5,2026-05-07 13:33:41.820098+02,5,0,0,0,0,0,"{""Kafasan L1"": {""total"": 0, ""by_type"": {}}, ""Kafasan L2"": {""total"": 0, ""by_type"": {}}, ""Kafasan L3"": {""total"": 0, ""by_type"": {}}}",6
180,5,2026-05-07 13:38:42.223468+02,5,1,0,0,0,1,"{""Kafasan L1"": {""total"": 0, ""by_type"": {}}, ""Kafasan L2"": {""total"": 1, ""by_type"": {""truck"": 1}}, ""Kafasan L3"": {""total"": 0, ""by_type"": {}}}",0.5
181,5,2026-05-07 13:43:42.223572+02,5,1,0,0,0,1,"{""Kafasan L1"": {""total"": 1, ""by_type"": {""truck"": 1}}, ""Kafasan L2"": {""total"": 0, ""by_type"": {}}, ""Kafasan L3"": {""total"": 0, ""by_type"": {}}}",6.5
182,5,2026-05-07 13:48:46.176035+02,5,1,0,0,0,1,"{""Kafasan L1"": {""total"": 0, ""by_type"": {}}, ""Kafasan L2"": {""total"": 1, ""by_type"": {""truck"": 1}}, ""Kafasan L3"": {""total"": 0, ""by_type"": {}}}",0.5
183,5,2026-05-07 13:54:06.52626+02,5,0,0,0,0,0,"{""Kafasan L1"": {""total"": 0, ""by_type"": {}}, ""Kafasan L2"": {""total"": 0, ""by_type"": {}}, ""Kafasan L3"": {""total"": 0, ""by_type"": {}}}",0.5
184,5,2026-05-07 13:59:06.623188+02,5,0,0,0,0,0,"{""Kafasan L1"": {""total"": 0, ""by_type"": {}}, ""Kafasan L2"": {""total"": 0, ""by_type"": {}}, ""Kafasan L3"": {""total"": 0, ""by_type"": {}}}",6.5
185,5,2026-05-07 14:04:06.650815+02,5,1,1,0,0,0,"{""Kafasan L1"": {""total"": 0, ""by_type"": {}}, ""Kafasan L2"": {""total"": 1, ""by_type"": {""car"": 1}}, ""Kafasan L3"": {""total"": 0, ""by_type"": {}}}",6.5
186,5,2026-05-07 14:09:26.729908+02,5,0,0,0,0,0,"{""Kafasan L1"": {""total"": 0, ""by_type"": {}}, ""Kafasan L2"": {""total"": 0, ""by_type"": {}}, ""Kafasan L3"": {""total"": 0, ""by_type"": {}}}",0.5
187,5,2026-05-07 14:14:26.868945+02,5,0,0,0,0,0,"{""Kafasan L1"": {""total"": 0, ""by_type"": {}}, ""Kafasan L2"": {""total"": 0, ""by_type"": {}}, ""Kafasan L3"": {""total"": 0, ""by_type"": {}}}",6.5
188,5,2026-05-07 14:19:26.928087+02,5,0,0,0,0,0,"{""Kafasan L1"": {""total"": 0, ""by_type"": {}}, ""Kafasan L2"": {""total"": 0, ""by_type"": {}}, ""Kafasan L3"": {""total"": 0, ""by_type"": {}}}",6.5
189,5,2026-05-07 14:24:28.157916+02,5,0,0,0,0,0,"{""Kafasan L1"": {""total"": 0, ""by_type"": {}}, ""Kafasan L2"": {""total"": 0, ""by_type"": {}}, ""Kafasan L3"": {""total"": 0, ""by_type"": {}}}",0.5
190,5,2026-05-07 14:29:28.215193+02,5,1,0,0,0,1,"{""Kafasan L1"": {""total"": 1, ""by_type"": {""truck"": 1}}, ""Kafasan L2"": {""total"": 0, ""by_type"": {}}, ""Kafasan L3"": {""total"": 0, ""by_type"": {}}}",6.5
191,5,2026-05-07 14:34:44.854509+02,5,0,0,0,0,0,"{""Kafasan L1"": {""total"": 0, ""by_type"": {}}, ""Kafasan L2"": {""total"": 0, ""by_type"": {}}, ""Kafasan L3"": {""total"": 0, ""by_type"": {}}}",0.5
192,5,2026-05-07 14:39:57.050322+02,5,0,0,0,0,0,"{""Kafasan L1"": {""total"": 0, ""by_type"": {}}, ""Kafasan L2"": {""total"": 0, ""by_type"": {}}, ""Kafasan L3"": {""total"": 0, ""by_type"": {}}}",0.5
193,5,2026-05-07 14:44:57.18785+02,5,0,0,0,0,0,"{""Kafasan L1"": {""total"": 0, ""by_type"": {}}, ""Kafasan L2"": {""total"": 0, ""by_type"": {}}, ""Kafasan L3"": {""total"": 0, ""by_type"": {}}}",6.5
194,5,2026-05-07 14:50:26.059157+02,5,0,0,0,0,0,"{""Kafasan L1"": {""total"": 0, ""by_type"": {}}, ""Kafasan L2"": {""total"": 0, ""by_type"": {}}, ""Kafasan L3"": {""total"": 0, ""by_type"": {}}}",0.5
195,5,2026-05-07 14:55:29.650545+02,5,0,0,0,0,0,"{""Kafasan L1"": {""total"": 0, ""by_type"": {}}, ""Kafasan L2"": {""total"": 0, ""by_type"": {}}, ""Kafasan L3"": {""total"": 0, ""by_type"": {}}}",0.5
196,5,2026-05-07 15:00:29.650629+02,5,0,0,0,0,0,"{""Kafasan L1"": {""total"": 0, ""by_type"": {}}, ""Kafasan L2"": {""total"": 0, ""by_type"": {}}, ""Kafasan L3"": {""total"": 0, ""by_type"": {}}}",6.5
197,5,2026-05-07 15:05:31.881426+02,5,1,0,0,0,1,"{""Kafasan L1"": {""total"": 1, ""by_type"": {""truck"": 1}}, ""Kafasan L2"": {""total"": 0, ""by_type"": {}}, ""Kafasan L3"": {""total"": 0, ""by_type"": {}}}",0.5
198,5,2026-05-07 15:10:31.897062+02,5,0,0,0,0,0,"{""Kafasan L1"": {""total"": 0, ""by_type"": {}}, ""Kafasan L2"": {""total"": 0, ""by_type"": {}}, ""Kafasan L3"": {""total"": 0, ""by_type"": {}}}",4.5
199,5,2026-05-07 15:15:32.020718+02,5,0,0,0,0,0,"{""Kafasan L1"": {""total"": 0, ""by_type"": {}}, ""Kafasan L2"": {""total"": 0, ""by_type"": {}}, ""Kafasan L3"": {""total"": 0, ""by_type"": {}}}",6.5
200,5,2026-05-07 15:20:32.061233+02,5,0,0,0,0,0,"{""Kafasan L1"": {""total"": 0, ""by_type"": {}}, ""Kafasan L2"": {""total"": 0, ""by_type"": {}}, ""Kafasan L3"": {""total"": 0, ""by_type"": {}}}",6.5
201,5,2026-05-07 15:25:50.003501+02,5,0,0,0,0,0,"{""Kafasan L1"": {""total"": 0, ""by_type"": {}}, ""Kafasan L2"": {""total"": 0, ""by_type"": {}}, ""Kafasan L3"": {""total"": 0, ""by_type"": {}}}",0.5
202,5,2026-05-07 15:30:50.044136+02,5,0,0,0,0,0,"{""Kafasan L1"": {""total"": 0, ""by_type"": {}}, ""Kafasan L2"": {""total"": 0, ""by_type"": {}}, ""Kafasan L3"": {""total"": 0, ""by_type"": {}}}",5.5
203,5,2026-05-07 15:36:08.212443+02,5,0,0,0,0,0,"{""Kafasan L1"": {""total"": 0, ""by_type"": {}}, ""Kafasan L2"": {""total"": 0, ""by_type"": {}}, ""Kafasan L3"": {""total"": 0, ""by_type"": {}}}",0.5
204,5,2026-05-07 15:41:20.523516+02,5,0,0,0,0,0,"{""Kafasan L1"": {""total"": 0, ""by_type"": {}}, ""Kafasan L2"": {""total"": 0, ""by_type"": {}}, ""Kafasan L3"": {""total"": 0, ""by_type"": {}}}",0.5
205,5,2026-05-07 15:46:20.59907+02,5,0,0,0,0,0,"{""Kafasan L1"": {""total"": 0, ""by_type"": {}}, ""Kafasan L2"": {""total"": 0, ""by_type"": {}}, ""Kafasan L3"": {""total"": 0, ""by_type"": {}}}",6
206,5,2026-05-07 15:51:22.482287+02,5,0,0,0,0,0,"{""Kafasan L1"": {""total"": 0, ""by_type"": {}}, ""Kafasan L2"": {""total"": 0, ""by_type"": {}}, ""Kafasan L3"": {""total"": 0, ""by_type"": {}}}",0.5
207,5,2026-05-07 15:56:44.612348+02,5,0,0,0,0,0,"{""Kafasan L1"": {""total"": 0, ""by_type"": {}}, ""Kafasan L2"": {""total"": 0, ""by_type"": {}}, ""Kafasan L3"": {""total"": 0, ""by_type"": {}}}",0.5
208,5,2026-05-07 16:01:44.62223+02,5,0,0,0,0,0,"{""Kafasan L1"": {""total"": 0, ""by_type"": {}}, ""Kafasan L2"": {""total"": 0, ""by_type"": {}}, ""Kafasan L3"": {""total"": 0, ""by_type"": {}}}",6.5
209,5,2026-05-07 16:06:44.665068+02,5,0,0,0,0,0,"{""Kafasan L1"": {""total"": 0, ""by_type"": {}}, ""Kafasan L2"": {""total"": 0, ""by_type"": {}}, ""Kafasan L3"": {""total"": 0, ""by_type"": {}}}",6.5
210,5,2026-05-07 16:11:44.814826+02,5,0,0,0,0,0,"{""Kafasan L1"": {""total"": 0, ""by_type"": {}}, ""Kafasan L2"": {""total"": 0, ""by_type"": {}}, ""Kafasan L3"": {""total"": 0, ""by_type"": {}}}",6.5
211,5,2026-05-07 16:16:49.173148+02,5,0,0,0,0,0,"{""Kafasan L1"": {""total"": 0, ""by_type"": {}}, ""Kafasan L2"": {""total"": 0, ""by_type"": {}}, ""Kafasan L3"": {""total"": 0, ""by_type"": {}}}",0.5
212,5,2026-05-07 16:21:49.318926+02,5,0,0,0,0,0,"{""Kafasan L1"": {""total"": 0, ""by_type"": {}}, ""Kafasan L2"": {""total"": 0, ""by_type"": {}}, ""Kafasan L3"": {""total"": 0, ""by_type"": {}}}",6
213,5,2026-05-07 19:11:54.35214+02,5,0,0,0,0,0,"{""Kafasan L1"": {""total"": 0, ""by_type"": {}}, ""Kafasan L2"": {""total"": 0, ""by_type"": {}}, ""Kafasan L3"": {""total"": 0, ""by_type"": {}}}",0.5
214,5,2026-05-07 19:16:54.340461+02,5,0,0,0,0,0,"{""Kafasan L1"": {""total"": 0, ""by_type"": {}}, ""Kafasan L2"": {""total"": 0, ""by_type"": {}}, ""Kafasan L3"": {""total"": 0, ""by_type"": {}}}",6.5
215,5,2026-05-07 19:21:54.395331+02,5,0,0,0,0,0,"{""Kafasan L1"": {""total"": 0, ""by_type"": {}}, ""Kafasan L2"": {""total"": 0, ""by_type"": {}}, ""Kafasan L3"": {""total"": 0, ""by_type"": {}}}",7
216,5,2026-05-07 19:26:54.411052+02,5,0,0,0,0,0,"{""Kafasan L1"": {""total"": 0, ""by_type"": {}}, ""Kafasan L2"": {""total"": 0, ""by_type"": {}}, ""Kafasan L3"": {""total"": 0, ""by_type"": {}}}",6.5
217,5,2026-05-07 19:31:54.477675+02,5,0,0,0,0,0,"{""Kafasan L1"": {""total"": 0, ""by_type"": {}}, ""Kafasan L2"": {""total"": 0, ""by_type"": {}}, ""Kafasan L3"": {""total"": 0, ""by_type"": {}}}",7
218,5,2026-05-07 19:36:54.484344+02,5,0,0,0,0,0,"{""Kafasan L1"": {""total"": 0, ""by_type"": {}}, ""Kafasan L2"": {""total"": 0, ""by_type"": {}}, ""Kafasan L3"": {""total"": 0, ""by_type"": {}}}",6.5
219,5,2026-05-07 19:41:54.588873+02,5,0,0,0,0,0,"{""Kafasan L1"": {""total"": 0, ""by_type"": {}}, ""Kafasan L2"": {""total"": 0, ""by_type"": {}}, ""Kafasan L3"": {""total"": 0, ""by_type"": {}}}",6.5
220,5,2026-05-07 19:46:54.674881+02,5,0,0,0,0,0,"{""Kafasan L1"": {""total"": 0, ""by_type"": {}}, ""Kafasan L2"": {""total"": 0, ""by_type"": {}}, ""Kafasan L3"": {""total"": 0, ""by_type"": {}}}",6.5
221,5,2026-05-07 19:51:54.783972+02,5,2,1,0,0,1,"{""Kafasan L1"": {""total"": 0, ""by_type"": {}}, ""Kafasan L2"": {""total"": 2, ""by_type"": {""car"": 1, ""truck"": 1}}, ""Kafasan L3"": {""total"": 0, ""by_type"": {}}}",6
222,5,2026-05-07 19:56:54.855653+02,5,0,0,0,0,0,"{""Kafasan L1"": {""total"": 0, ""by_type"": {}}, ""Kafasan L2"": {""total"": 0, ""by_type"": {}}, ""Kafasan L3"": {""total"": 0, ""by_type"": {}}}",7
223,5,2026-05-07 20:01:54.959704+02,5,0,0,0,0,0,"{""Kafasan L1"": {""total"": 0, ""by_type"": {}}, ""Kafasan L2"": {""total"": 0, ""by_type"": {}}, ""Kafasan L3"": {""total"": 0, ""by_type"": {}}}",7
224,5,2026-05-07 20:07:05.370651+02,5,0,0,0,0,0,"{""Kafasan L1"": {""total"": 0, ""by_type"": {}}, ""Kafasan L2"": {""total"": 0, ""by_type"": {}}, ""Kafasan L3"": {""total"": 0, ""by_type"": {}}}",0.5
225,5,2026-05-07 20:12:05.881762+02,5,0,0,0,0,0,"{""Kafasan L1"": {""total"": 0, ""by_type"": {}}, ""Kafasan L2"": {""total"": 0, ""by_type"": {}}, ""Kafasan L3"": {""total"": 0, ""by_type"": {}}}",6.5
226,5,2026-05-07 20:17:06.026971+02,5,0,0,0,0,0,"{""Kafasan L1"": {""total"": 0, ""by_type"": {}}, ""Kafasan L2"": {""total"": 0, ""by_type"": {}}, ""Kafasan L3"": {""total"": 0, ""by_type"": {}}}",6.5
227,5,2026-05-07 22:54:56.920943+02,5,0,0,0,0,0,"{""Kafasan L1"": {""total"": 0, ""by_type"": {}}, ""Kafasan L2"": {""total"": 0, ""by_type"": {}}, ""Kafasan L3"": {""total"": 0, ""by_type"": {}}}",7
228,5,2026-05-07 22:59:57.028787+02,5,0,0,0,0,0,"{""Kafasan L1"": {""total"": 0, ""by_type"": {}}, ""Kafasan L2"": {""total"": 0, ""by_type"": {}}, ""Kafasan L3"": {""total"": 0, ""by_type"": {}}}",7
229,5,2026-05-07 23:12:25.668982+02,5,0,0,0,0,0,"{""Kafasan L1"": {""total"": 0, ""by_type"": {}}, ""Kafasan L2"": {""total"": 0, ""by_type"": {}}, ""Kafasan L3"": {""total"": 0, ""by_type"": {}}}",0.5
230,5,2026-05-07 23:17:25.653832+02,5,0,0,0,0,0,"{""Kafasan L1"": {""total"": 0, ""by_type"": {}}, ""Kafasan L2"": {""total"": 0, ""by_type"": {}}, ""Kafasan L3"": {""total"": 0, ""by_type"": {}}}",7
231,5,2026-05-07 23:22:43.040838+02,5,0,0,0,0,0,"{""Kafasan L1"": {""total"": 0, ""by_type"": {}}, ""Kafasan L2"": {""total"": 0, ""by_type"": {}}, ""Kafasan L3"": {""total"": 0, ""by_type"": {}}}",0.5
232,5,2026-05-07 23:27:43.092675+02,5,0,0,0,0,0,"{""Kafasan L1"": {""total"": 0, ""by_type"": {}}, ""Kafasan L2"": {""total"": 0, ""by_type"": {}}, ""Kafasan L3"": {""total"": 0, ""by_type"": {}}}",7
233,5,2026-05-07 23:32:43.110237+02,5,0,0,0,0,0,"{""Kafasan L1"": {""total"": 0, ""by_type"": {}}, ""Kafasan L2"": {""total"": 0, ""by_type"": {}}, ""Kafasan L3"": {""total"": 0, ""by_type"": {}}}",7
234,5,2026-05-07 23:37:43.212805+02,5,0,0,0,0,0,"{""Kafasan L1"": {""total"": 0, ""by_type"": {}}, ""Kafasan L2"": {""total"": 0, ""by_type"": {}}, ""Kafasan L3"": {""total"": 0, ""by_type"": {}}}",7
235,5,2026-05-07 23:42:43.235941+02,5,0,0,0,0,0,"{""Kafasan L1"": {""total"": 0, ""by_type"": {}}, ""Kafasan L2"": {""total"": 0, ""by_type"": {}}, ""Kafasan L3"": {""total"": 0, ""by_type"": {}}}",7
236,5,2026-05-07 23:47:46.24555+02,5,0,0,0,0,0,"{""Kafasan L1"": {""total"": 0, ""by_type"": {}}, ""Kafasan L2"": {""total"": 0, ""by_type"": {}}, ""Kafasan L3"": {""total"": 0, ""by_type"": {}}}",0.5
237,5,2026-05-07 23:52:46.303575+02,5,0,0,0,0,0,"{""Kafasan L1"": {""total"": 0, ""by_type"": {}}, ""Kafasan L2"": {""total"": 0, ""by_type"": {}}, ""Kafasan L3"": {""total"": 0, ""by_type"": {}}}",7
238,5,2026-05-07 23:57:57.86825+02,5,0,0,0,0,0,"{""Kafasan L1"": {""total"": 0, ""by_type"": {}}, ""Kafasan L2"": {""total"": 0, ""by_type"": {}}, ""Kafasan L3"": {""total"": 0, ""by_type"": {}}}",0.5
239,5,2026-05-08 00:07:17.755273+02,5,0,0,0,0,0,"{""Kafasan L1"": {""total"": 0, ""by_type"": {}}, ""Kafasan L2"": {""total"": 0, ""by_type"": {}}, ""Kafasan L3"": {""total"": 0, ""by_type"": {}}}",0.5
240,5,2026-05-08 15:57:47.704003+02,5,0,0,0,0,0,"{""Kafasan L1"": {""total"": 0, ""by_type"": {}}, ""Kafasan L2"": {""total"": 0, ""by_type"": {}}, ""Kafasan L3"": {""total"": 0, ""by_type"": {}}}",0.5
241,5,2026-05-08 16:02:47.746509+02,5,0,0,0,0,0,"{""Kafasan L1"": {""total"": 0, ""by_type"": {}}, ""Kafasan L2"": {""total"": 0, ""by_type"": {}}, ""Kafasan L3"": {""total"": 0, ""by_type"": {}}}",7
242,5,2026-05-08 16:07:47.837522+02,5,0,0,0,0,0,"{""Kafasan L1"": {""total"": 0, ""by_type"": {}}, ""Kafasan L2"": {""total"": 0, ""by_type"": {}}, ""Kafasan L3"": {""total"": 0, ""by_type"": {}}}",7.5
243,5,2026-05-08 16:13:08.329642+02,5,0,0,0,0,0,"{""Kafasan L1"": {""total"": 0, ""by_type"": {}}, ""Kafasan L2"": {""total"": 0, ""by_type"": {}}, ""Kafasan L3"": {""total"": 0, ""by_type"": {}}}",0.5
244,5,2026-05-08 16:18:08.348392+02,5,0,0,0,0,0,"{""Kafasan L1"": {""total"": 0, ""by_type"": {}}, ""Kafasan L2"": {""total"": 0, ""by_type"": {}}, ""Kafasan L3"": {""total"": 0, ""by_type"": {}}}",7.5
245,5,2026-05-08 16:23:08.550479+02,5,1,1,0,0,0,"{""Kafasan L1"": {""total"": 0, ""by_type"": {}}, ""Kafasan L2"": {""total"": 1, ""by_type"": {""car"": 1}}, ""Kafasan L3"": {""total"": 0, ""by_type"": {}}}",3
246,5,2026-05-08 16:28:08.654229+02,5,0,0,0,0,0,"{""Kafasan L1"": {""total"": 0, ""by_type"": {}}, ""Kafasan L2"": {""total"": 0, ""by_type"": {}}, ""Kafasan L3"": {""total"": 0, ""by_type"": {}}}",7
247,5,2026-05-08 16:33:08.666782+02,5,0,0,0,0,0,"{""Kafasan L1"": {""total"": 0, ""by_type"": {}}, ""Kafasan L2"": {""total"": 0, ""by_type"": {}}, ""Kafasan L3"": {""total"": 0, ""by_type"": {}}}",7
248,5,2026-05-08 16:38:08.728576+02,5,0,0,0,0,0,"{""Kafasan L1"": {""total"": 0, ""by_type"": {}}, ""Kafasan L2"": {""total"": 0, ""by_type"": {}}, ""Kafasan L3"": {""total"": 0, ""by_type"": {}}}",7
249,5,2026-05-08 16:43:22.339685+02,5,0,0,0,0,0,"{""Kafasan L1"": {""total"": 0, ""by_type"": {}}, ""Kafasan L2"": {""total"": 0, ""by_type"": {}}, ""Kafasan L3"": {""total"": 0, ""by_type"": {}}}",0.5
250,5,2026-05-08 16:48:26.386155+02,5,0,0,0,0,0,"{""Kafasan L1"": {""total"": 0, ""by_type"": {}}, ""Kafasan L2"": {""total"": 0, ""by_type"": {}}, ""Kafasan L3"": {""total"": 0, ""by_type"": {}}}",0.5
251,5,2026-05-08 16:53:33.145424+02,5,0,0,0,0,0,"{""Kafasan L1"": {""total"": 0, ""by_type"": {}}, ""Kafasan L2"": {""total"": 0, ""by_type"": {}}, ""Kafasan L3"": {""total"": 0, ""by_type"": {}}}",0.5
252,5,2026-05-08 16:58:33.245888+02,5,0,0,0,0,0,"{""Kafasan L1"": {""total"": 0, ""by_type"": {}}, ""Kafasan L2"": {""total"": 0, ""by_type"": {}}, ""Kafasan L3"": {""total"": 0, ""by_type"": {}}}",6
253,5,2026-05-08 17:03:33.400446+02,5,0,0,0,0,0,"{""Kafasan L1"": {""total"": 0, ""by_type"": {}}, ""Kafasan L2"": {""total"": 0, ""by_type"": {}}, ""Kafasan L3"": {""total"": 0, ""by_type"": {}}}",6
254,5,2026-05-08 17:08:33.562105+02,5,0,0,0,0,0,"{""Kafasan L1"": {""total"": 0, ""by_type"": {}}, ""Kafasan L2"": {""total"": 0, ""by_type"": {}}, ""Kafasan L3"": {""total"": 0, ""by_type"": {}}}",6.5
255,5,2026-05-08 17:09:57.004604+02,5,0,0,0,0,0,"{""Kafasan L1"": {""total"": 0, ""by_type"": {}}, ""Kafasan L2"": {""total"": 0, ""by_type"": {}}, ""Kafasan L3"": {""total"": 0, ""by_type"": {}}}",7
256,5,2026-05-08 19:00:01.648674+02,5,0,0,0,0,0,"{""Kafasan L1"": {""total"": 0, ""by_type"": {}}, ""Kafasan L2"": {""total"": 0, ""by_type"": {}}, ""Kafasan L3"": {""total"": 0, ""by_type"": {}}}",0.5
257,5,2026-05-08 19:08:59.758189+02,5,0,0,0,0,0,"{""Kafasan L1"": {""total"": 0, ""by_type"": {}}, ""Kafasan L2"": {""total"": 0, ""by_type"": {}}, ""Kafasan L3"": {""total"": 0, ""by_type"": {}}}",0.5
258,5,2026-05-08 19:27:25.798804+02,5,0,0,0,0,0,"{""Kafasan L1"": {""total"": 0, ""by_type"": {}}, ""Kafasan L2"": {""total"": 0, ""by_type"": {}}, ""Kafasan L3"": {""total"": 0, ""by_type"": {}}}",0.5
259,5,2026-05-08 19:46:05.437477+02,5,0,0,0,0,0,"{""Kafasan L1"": {""total"": 0, ""by_type"": {}}, ""Kafasan L2"": {""total"": 0, ""by_type"": {}}, ""Kafasan L3"": {""total"": 0, ""by_type"": {}}}",0.5
260,5,2026-05-08 20:06:41.665348+02,5,0,0,0,0,0,"{""Kafasan L1"": {""total"": 0, ""by_type"": {}}, ""Kafasan L2"": {""total"": 0, ""by_type"": {}}, ""Kafasan L3"": {""total"": 0, ""by_type"": {}}}",0.5
261,5,2026-05-08 20:22:40.556115+02,5,0,0,0,0,0,"{""Kafasan L1"": {""total"": 0, ""by_type"": {}}, ""Kafasan L2"": {""total"": 0, ""by_type"": {}}, ""Kafasan L3"": {""total"": 0, ""by_type"": {}}}",0.5
262,5,2026-05-08 20:30:10.631645+02,5,0,0,0,0,0,"{""Kafasan L1"": {""total"": 0, ""by_type"": {}}, ""Kafasan L2"": {""total"": 0, ""by_type"": {}}, ""Kafasan L3"": {""total"": 0, ""by_type"": {}}}",5
263,5,2026-05-08 20:47:00.638364+02,5,0,0,0,0,0,"{""Kafasan L1"": {""total"": 0, ""by_type"": {}}, ""Kafasan L2"": {""total"": 0, ""by_type"": {}}, ""Kafasan L3"": {""total"": 0, ""by_type"": {}}}",0.5
264,5,2026-05-08 20:56:08.15313+02,5,0,0,0,0,0,"{""Kafasan L1"": {""total"": 0, ""by_type"": {}}, ""Kafasan L2"": {""total"": 0, ""by_type"": {}}, ""Kafasan L3"": {""total"": 0, ""by_type"": {}}}",0.5
265,5,2026-05-09 00:18:51.538952+02,5,0,0,0,0,0,"{""Kafasan L1"": {""total"": 0, ""by_type"": {}}, ""Kafasan L2"": {""total"": 0, ""by_type"": {}}, ""Kafasan L3"": {""total"": 0, ""by_type"": {}}}",7
266,5,2026-05-09 00:23:58.572593+02,5,0,0,0,0,0,"{""Kafasan L1"": {""total"": 0, ""by_type"": {}}, ""Kafasan L2"": {""total"": 0, ""by_type"": {}}, ""Kafasan L3"": {""total"": 0, ""by_type"": {}}}",0.5
267,5,2026-05-09 00:28:58.611142+02,5,0,0,0,0,0,"{""Kafasan L1"": {""total"": 0, ""by_type"": {}}, ""Kafasan L2"": {""total"": 0, ""by_type"": {}}, ""Kafasan L3"": {""total"": 0, ""by_type"": {}}}",6.5
268,5,2026-05-09 14:53:07.698663+02,5,0,0,0,0,0,"{""Kafasan L1"": {""total"": 0, ""by_type"": {}}, ""Kafasan L2"": {""total"": 0, ""by_type"": {}}, ""Kafasan L3"": {""total"": 0, ""by_type"": {}}}",0.5
269,5,2026-05-09 20:32:04.890339+02,5,0,0,0,0,0,"{""Kafasan L1"": {""total"": 0, ""by_type"": {}}, ""Kafasan L2"": {""total"": 0, ""by_type"": {}}, ""Kafasan L3"": {""total"": 0, ""by_type"": {}}}",7.5
